frame_x,frame_y,frame_u,frame_v,frame_angle,frame_angle_tran
-0.4,-0.09,0.421473766,423.6019876,68.19859051,-21.80140949
-0.4,-0.08,3.823857292,456.7687112,68.19859051,-21.80140949
-0.4,-0.07,6.76410945,489.6684685,68.19859051,-21.80140949
-0.4,-0.06,9.282399748,522.3427925,68.19859051,-21.80140949
-0.4,-0.05,11.41299751,554.8284645,68.19859051,-21.80140949
-0.4,-0.04,13.18450512,587.1582739,68.19859051,-21.80140949
-0.4,-0.03,14.62005541,619.3617419,68.19859051,-21.80140949
-0.4,-0.02,15.73747312,651.4658121,68.19859051,-21.80140949
-0.4,-0.01,16.54940048,683.4955171,68.19859051,-21.80140949
-0.4,0,17.06338696,715.474626,68.19859051,-21.80140949
-0.4,0.01,17.28194306,747.4262793,68.19859051,-21.80140949
-0.4,0.02,17.20255827,779.3736174,68.19859051,-21.80140949
-0.4,0.03,16.81768314,811.3404095,68.19859051,-21.80140949
-0.4,0.04,16.11467542,843.3516882,68.19859051,-21.80140949
-0.4,0.05,15.07571038,875.4343971,68.19859051,-21.80140949
-0.4,0.06,13.6776552,907.6180572,68.19859051,-21.80140949
-0.4,0.07,11.89190748,939.9354583,68.19859051,-21.80140949
-0.4,0.08,9.684197893,972.4233813,68.19859051,-21.80140949
-0.4,0.09,7.014356943,1005.123359,68.19859051,-21.80140949
-0.4,0.1,3.836045803,1038.082482,68.19859051,-21.80140949
-0.4,0.11,0.096451321,1071.354249,68.19859051,-21.80140949
-0.39,-0.17,2.912487696,150.5397367,68.69421638,-21.30578362
-0.39,-0.16,10.79329856,187.1755877,68.69421638,-21.30578362
-0.39,-0.15,17.76252996,223.0336695,68.69421638,-21.30578362
-0.39,-0.14,23.9134699,258.2184278,68.69421638,-21.30578362
-0.39,-0.13,29.33085123,292.8218954,68.69421638,-21.30578362
-0.39,-0.12,34.09135894,326.9249443,68.69421638,-21.30578362
-0.39,-0.11,38.2641025,360.59845,68.69421638,-21.30578362
-0.39,-0.1,41.91105322,393.9043743,68.69421638,-21.30578362
-0.39,-0.09,45.08744658,426.896773,68.69421638,-21.30578362
-0.39,-0.08,47.84214961,459.6227338,68.69421638,-21.30578362
-0.39,-0.07,50.21799324,492.1232524,68.69421638,-21.30578362
-0.39,-0.06,52.25206976,524.4340517,68.69421638,-21.30578362
-0.39,-0.05,53.97599515,556.5863503,68.69421638,-21.30578362
-0.39,-0.04,55.41613655,588.607588,68.69421638,-21.30578362
-0.39,-0.03,56.59380465,620.522113,68.69421638,-21.30578362
-0.39,-0.02,57.52541117,652.3518378,68.69421638,-21.30578362
-0.39,-0.01,58.22259131,684.1168701,68.69421638,-21.30578362
-0.39,0,58.69229117,715.836125,68.69421638,-21.30578362
-0.39,0.01,58.93682032,747.5279242,68.69421638,-21.30578362
-0.39,0.02,58.95386919,779.2105897,68.69421638,-21.30578362
-0.39,0.03,58.73649168,810.9030364,68.69421638,-21.30578362
-0.39,0.04,58.27305259,842.625372,68.69421638,-21.30578362
-0.39,0.05,57.54714021,874.3995092,68.69421638,-21.30578362
-0.39,0.06,56.53744383,906.249796,68.69421638,-21.30578362
-0.39,0.07,55.21759632,938.2036723,68.69421638,-21.30578362
-0.39,0.08,53.55598169,970.2923566,68.69421638,-21.30578362
-0.39,0.09,51.51550768,1002.551572,68.69421638,-21.30578362
-0.39,0.1,49.05334333,1035.022314,68.69421638,-21.30578362
-0.39,0.11,46.12062162,1067.75167,68.69421638,-21.30578362
-0.39,0.12,42.66210707,1100.793697,68.69421638,-21.30578362
-0.39,0.13,38.61582837,1134.210355,68.69421638,-21.30578362
-0.39,0.14,33.91267605,1168.072521,68.69421638,-21.30578362
-0.39,0.15,28.47596512,1202.461066,68.69421638,-21.30578362
-0.39,0.16,22.22096273,1237.468024,68.69421638,-21.30578362
-0.39,0.17,15.05438088,1273.19784,68.69421638,-21.30578362
-0.39,0.18,6.873834088,1309.768719,68.69421638,-21.30578362
-0.38,-0.21,15.75717583,6.017559622,69.19320899,-20.80679101
-0.38,-0.2,26.55237463,45.73047961,69.19320899,-20.80679101
-0.38,-0.19,36.11016582,84.22970439,69.19320899,-20.80679101
-0.38,-0.18,44.55529484,121.6728453,69.19320899,-20.80679101
-0.38,-0.17,52.0021157,158.1997433,69.19320899,-20.80679101
-0.38,-0.16,58.55522163,193.934101,69.19320899,-20.80679101
-0.38,-0.15,64.31004167,228.9850014,69.19320899,-20.80679101
-0.38,-0.14,69.35340317,263.4483208,69.19320899,-20.80679101
-0.38,-0.13,73.76406014,297.4080397,69.19320899,-20.80679101
-0.38,-0.12,77.61318762,330.9374614,69.19320899,-20.80679101
-0.38,-0.11,80.96484188,364.1003415,69.19320899,-20.80679101
-0.38,-0.1,83.8763865,396.9519361,69.19320899,-20.80679101
-0.38,-0.09,86.39888449,429.5399748,69.19320899,-20.80679101
-0.38,-0.08,88.57745616,461.9055646,69.19320899,-20.80679101
-0.38,-0.07,90.45160302,494.0840312,69.19320899,-20.80679101
-0.38,-0.06,92.05549756,526.1057032,69.19320899,-20.80679101
-0.38,-0.05,93.41823889,557.9966473,69.19320899,-20.80679101
-0.38,-0.04,94.56407432,589.7793578,69.19320899,-20.80679101
-0.38,-0.03,95.51258691,621.4734104,69.19320899,-20.80679101
-0.38,-0.02,96.27884883,653.0960831,69.19320899,-20.80679101
-0.38,-0.01,96.87354068,684.6629526,69.19320899,-20.80679101
-0.38,0,97.30303676,716.1884721,69.19320899,-20.80679101
-0.38,0.01,97.56945613,747.6865359,69.19320899,-20.80679101
-0.38,0.02,97.67067972,779.1710385,69.19320899,-20.80679101
-0.38,0.03,97.60033325,810.6564331,69.19320899,-20.80679101
-0.38,0.04,97.3477361,842.1582964,69.19320899,-20.80679101
-0.38,0.05,96.89781612,873.6939064,69.19320899,-20.80679101
-0.38,0.06,96.23099024,905.2828386,69.19320899,-20.80679101
-0.38,0.07,95.32301115,936.9475877,69.19320899,-20.80679101
-0.38,0.08,94.14477973,968.71422,69.19320899,-20.80679101
-0.38,0.09,92.6621235,1000.613064,69.19320899,-20.80679101
-0.38,0.1,90.83554097,1032.679446,69.19320899,-20.80679101
-0.38,0.11,88.61991179,1064.954473,69.19320899,-20.80679101
-0.38,0.12,85.96417298,1097.485874,69.19320899,-20.80679101
-0.38,0.13,82.81096094,1130.328905,69.19320899,-20.80679101
-0.38,0.14,79.09621942,1163.547322,69.19320899,-20.80679101
-0.38,0.15,74.74877337,1197.214429,69.19320899,-20.80679101
-0.38,0.16,69.68986877,1231.414205,69.19320899,-20.80679101
-0.38,0.17,63.83267829,1266.242527,69.19320899,-20.80679101
-0.38,0.18,57.08177288,1301.808479,69.19320899,-20.80679101
-0.38,0.19,49.33255931,1338.235762,69.19320899,-20.80679101
-0.38,0.2,40.47068356,1375.664217,69.19320899,-20.80679101
-0.38,0.21,30.37140021,1414.251457,69.19320899,-20.80679101
-0.37,-0.21,67.08427998,16.5842473,69.69552629,-20.30447371
-0.37,-0.2,76.20733667,55.06381615,69.69552629,-20.30447371
-0.37,-0.19,84.22562254,92.45554642,69.69552629,-20.30447371
-0.37,-0.18,91.25574576,128.9066041,69.69552629,-20.30447371
-0.37,-0.17,97.4044455,164.5470237,69.69552629,-20.30447371
-0.37,-0.16,102.7692059,199.4913064,69.69552629,-20.30447371
-0.37,-0.15,107.4388371,233.8399058,69.69552629,-20.30447371
-0.37,-0.14,111.4940228,267.6806062,69.69552629,-20.30447371
-0.37,-0.13,115.0078348,301.0898009,69.69552629,-20.30447371
-0.37,-0.12,118.0462143,334.1336767,69.69552629,-20.30447371
-0.37,-0.11,120.66842,366.8693095,69.69552629,-20.30447371
-0.37,-0.1,122.9274431,399.3456795,69.69552629,-20.30447371
-0.37,-0.09,124.8703887,431.60461,69.69552629,-20.30447371
-0.37,-0.08,126.5388249,463.6816383,69.69552629,-20.30447371
-0.37,-0.07,127.9690976,495.6068226,69.69552629,-20.30447371
-0.37,-0.06,129.1926128,527.4054933,69.69552629,-20.30447371
-0.37,-0.05,130.2360858,559.098954,69.69552629,-20.30447371
-0.37,-0.04,131.1217566,590.7051379,69.69552629,-20.30447371
-0.37,-0.03,131.8675725,622.2392276,69.69552629,-20.30447371
-0.37,-0.02,132.4873379,653.7142425,69.69552629,-20.30447371
-0.37,-0.01,132.9908299,685.1416015,69.69552629,-20.30447371
-0.37,0,133.3838815,716.5316673,69.69552629,-20.30447371
-0.37,0.01,133.6684317,747.8942775,69.69552629,-20.30447371
-0.37,0.02,133.8425417,779.2392696,69.69552629,-20.30447371
-0.37,0.03,133.9003782,810.5770064,69.69552629,-20.30447371
-0.37,0.04,133.8321641,841.9189067,69.69552629,-20.30447371
-0.37,0.05,133.6240952,873.2779901,69.69552629,-20.30447371
-0.37,0.06,133.2582241,904.669439,69.69552629,-20.30447371
-0.37,0.07,132.7123108,936.1111867,69.69552629,-20.30447371
-0.37,0.08,131.95964,967.6245367,69.69552629,-20.30447371
-0.37,0.09,130.9688057,999.2348195,69.69552629,-20.30447371
-0.37,0.1,129.7034619,1030.972093,69.69552629,-20.30447371
-0.37,0.11,128.1220407,1062.871895,69.69552629,-20.30447371
-0.37,0.12,126.1774369,1094.976049,69.69552629,-20.30447371
-0.37,0.13,123.8166593,1127.333534,69.69552629,-20.30447371
-0.37,0.14,120.9804492,1160.001427,69.69552629,-20.30447371
-0.37,0.15,117.6028654,1193.045915,69.69552629,-20.30447371
-0.37,0.16,113.610836,1226.54339,69.69552629,-20.30447371
-0.37,0.17,108.9236775,1260.581637,69.69552629,-20.30447371
-0.37,0.18,103.4525796,1295.26111,69.69552629,-20.30447371
-0.37,0.19,97.1000583,1330.69631,69.69552629,-20.30447371
-0.37,0.2,89.75937431,1367.017271,69.69552629,-20.30447371
-0.37,0.21,81.31391951,1404.37116,69.69552629,-20.30447371
-0.36,-0.21,114.6319298,25.49949169,70.20112365,-19.79887635
-0.36,-0.2,122.2529965,62.87691881,70.20112365,-19.79887635
-0.36,-0.19,128.8910401,99.28416424,70.20112365,-19.79887635
-0.36,-0.18,134.6549197,134.8584693,70.20112365,-19.79887635
-0.36,-0.17,139.6441281,169.7205657,70.20112365,-19.79887635
-0.36,-0.16,143.949389,203.9762409,70.20112365,-19.79887635
-0.36,-0.15,147.6532222,237.7177911,70.20112365,-19.79887635
-0.36,-0.14,150.8304763,271.0253669,70.20112365,-19.79887635
-0.36,-0.13,153.5488298,303.9682188,70.20112365,-19.79887635
-0.36,-0.12,155.8692589,336.6058488,70.20112365,-19.79887635
-0.36,-0.11,157.8464737,368.9890737,70.20112365,-19.79887635
-0.36,-0.1,159.529322,401.1610072,70.20112365,-19.79887635
-0.36,-0.09,160.9611602,433.1579662,70.20112365,-19.79887635
-0.36,-0.08,162.1801933,465.0103087,70.20112365,-19.79887635
-0.36,-0.07,163.2197809,496.7432082,70.20112365,-19.79887635
-0.36,-0.06,164.1087119,528.3773723,70.20112365,-19.79887635
-0.36,-0.05,164.8714472,559.9297108,70.20112365,-19.79887635
-0.36,-0.04,165.528329,591.4139597,70.20112365,-19.79887635
-0.36,-0.03,166.0957587,622.8412675,70.20112365,-19.79887635
-0.36,-0.02,166.5863424,654.2207508,70.20112365,-19.79887635
-0.36,-0.01,167.0090034,685.5600241,70.20112365,-19.79887635
-0.36,0,167.3690637,716.8657106,70.20112365,-19.79887635
-0.36,0.01,167.6682917,748.1439416,70.20112365,-19.79887635
-0.36,0.02,167.904919,779.400848,70.20112365,-19.79887635
-0.36,0.03,168.0736237,810.6430532,70.20112365,-19.79887635
-0.36,0.04,168.1654823,841.8781717,70.20112365,-19.79887635
-0.36,0.05,168.1678888,873.11532,70.20112365,-19.79887635
-0.36,0.06,168.0644419,904.3656467,70.20112365,-19.79887635
-0.36,0.07,167.8347991,935.6428878,70.20112365,-19.79887635
-0.36,0.08,167.4544999,966.9639531,70.20112365,-19.79887635
-0.36,0.09,166.8947551,998.34955,70.20112365,-19.79887635
-0.36,0.1,166.1222051,1029.824852,70.20112365,-19.79887635
-0.36,0.11,165.0986452,1061.420218,70.20112365,-19.79887635
-0.36,0.12,163.7807187,1093.171964,70.20112365,-19.79887635
-0.36,0.13,162.1195779,1125.123203,70.20112365,-19.79887635
-0.36,0.14,160.0605127,1157.324753,70.20112365,-19.79887635
-0.36,0.15,157.5425469,1189.836116,70.20112365,-19.79887635
-0.36,0.16,154.4980021,1222.726542,70.20112365,-19.79887635
-0.36,0.17,150.8520295,1256.076182,70.20112365,-19.79887635
-0.36,0.18,146.5221094,1289.977332,70.20112365,-19.79887635
-0.36,0.19,141.4175181,1324.535779,70.20112365,-19.79887635
-0.36,0.2,135.4387629,1359.872255,70.20112365,-19.79887635
-0.36,0.21,128.4769845,1396.124002,70.20112365,-19.79887635
-0.36,0.22,120.4133273,1433.446455,70.20112365,-19.79887635
-0.35,-0.21,158.9168197,32.9323754,70.70995378,-19.29004622
-0.35,-0.2,165.1933948,69.32813507,70.70995378,-19.29004622
-0.35,-0.19,170.5984924,104.8635628,70.70995378,-19.29004622
-0.35,-0.18,175.2336007,139.6664765,70.70995378,-19.29004622
-0.35,-0.17,179.1913246,173.848789,70.70995378,-19.29004622
-0.35,-0.16,182.5559662,207.5080421,70.70995378,-19.29004622
-0.35,-0.15,185.4040747,240.7288271,70.70995378,-19.29004622
-0.35,-0.14,187.8049644,273.5840992,70.70995378,-19.29004622
-0.35,-0.13,189.8212011,306.1363911,70.70995378,-19.29004622
-0.35,-0.12,191.5090577,338.4389323,70.70995378,-19.29004622
-0.35,-0.11,192.9189379,370.5366813,70.70995378,-19.29004622
-0.35,-0.1,194.0957688,402.4672749,70.70995378,-19.29004622
-0.35,-0.09,195.0793619,434.2619038,70.70995378,-19.29004622
-0.35,-0.08,195.9047429,465.9461177,70.70995378,-19.29004622
-0.35,-0.07,196.6024499,497.5405685,70.70995378,-19.29004622
-0.35,-0.06,197.1988001,529.0616969,70.70995378,-19.29004622
-0.35,-0.05,197.7161259,560.5223684,70.70995378,-19.29004622
-0.35,-0.04,198.1729782,591.9324656,70.70995378,-19.29004622
-0.35,-0.03,198.5842998,623.2994432,70.70995378,-19.29004622
-0.35,-0.02,198.9615661,654.6288509,70.70995378,-19.29004622
-0.35,-0.01,199.3128955,685.924832,70.70995378,-19.29004622
-0.35,0,199.6431276,717.1906021,70.70995378,-19.29004622
-0.35,0.01,199.9538703,748.4289166,70.70995378,-19.29004622
-0.35,0.02,200.2435156,779.6425308,70.70995378,-19.29004622
-0.35,0.03,200.507224,810.8346604,70.70995378,-19.29004622
-0.35,0.04,200.7368772,842.0094487,70.70995378,-19.29004622
-0.35,0.05,200.9209997,873.1724454,70.70995378,-19.29004622
-0.35,0.06,201.0446486,904.331105,70.70995378,-19.29004622
-0.35,0.07,201.0892731,935.4953104,70.70995378,-19.29004622
-0.35,0.08,201.0325409,966.677927,70.70995378,-19.29004622
-0.35,0.09,200.8481347,997.8953954,70.70995378,-19.29004622
-0.35,0.1,200.5055163,1029.168368,70.70995378,-19.29004622
-0.35,0.11,199.9696602,1060.522393,70.70995378,-19.29004622
-0.35,0.12,199.2007547,1091.988663,70.70995378,-19.29004622
-0.35,0.13,198.1538729,1123.604814,70.70995378,-19.29004622
-0.35,0.14,196.778611,1155.415804,70.70995378,-19.29004622
-0.35,0.15,195.018696,1187.474863,70.70995378,-19.29004622
-0.35,0.16,192.8115622,1219.844524,70.70995378,-19.29004622
-0.35,0.17,190.0878954,1252.597742,70.70995378,-19.29004622
-0.35,0.18,186.7711463,1285.819108,70.70995378,-19.29004622
-0.35,0.19,182.7770127,1319.606163,70.70995378,-19.29004622
-0.35,0.2,178.0128899,1354.070822,70.70995378,-19.29004622
-0.35,0.21,172.3772895,1389.340901,70.70995378,-19.29004622
-0.35,0.22,165.7592278,1425.561777,70.70995378,-19.29004622
-0.34,-0.22,194.4523556,2.621097343,71.22196678,-18.77803322
-0.34,-0.21,200.4029229,39.03932741,71.22196678,-18.77803322
-0.34,-0.2,205.4805128,74.56383477,71.22196678,-18.77803322
-0.34,-0.19,209.788624,109.330435,71.22196678,-18.77803322
-0.34,-0.18,213.4217409,143.4580043,71.22196678,-18.77803322
-0.34,-0.17,216.4659289,177.0501017,71.22196678,-18.77803322
-0.34,-0.16,218.9993986,210.1964721,71.22196678,-18.77803322
-0.34,-0.15,221.0930394,242.9744356,71.22196678,-18.77803322
-0.34,-0.14,222.8109229,275.4501713,71.22196678,-18.77803322
-0.34,-0.13,224.2107757,307.6798996,71.22196678,-18.77803322
-0.34,-0.12,225.3444215,339.710971,71.22196678,-18.77803322
-0.34,-0.11,226.2581934,371.5828668,71.22196678,-18.77803322
-0.34,-0.1,226.9933144,403.3281184,71.22196678,-18.77803322
-0.34,-0.09,227.5862486,434.9731506,71.22196678,-18.77803322
-0.34,-0.08,228.0690217,466.5390572,71.22196678,-18.77803322
-0.34,-0.07,228.4695102,498.0423123,71.22196678,-18.77803322
-0.34,-0.06,228.8117012,529.4954263,71.22196678,-18.77803322
-0.34,-0.05,229.1159207,560.9075509,71.22196678,-18.77803322
-0.34,-0.04,229.3990322,592.2850406,71.22196678,-18.77803322
-0.34,-0.03,229.6746044,623.6319766,71.22196678,-18.77803322
-0.34,-0.02,229.9530483,654.9506589,71.22196678,-18.77803322
-0.34,-0.01,230.2417242,686.2420737,71.22196678,-18.77803322
-0.34,0,230.5450176,717.5063417,71.22196678,-18.77803322
-0.34,0.01,230.8643854,748.7431541,71.22196678,-18.77803322
-0.34,0.02,231.1983707,779.9522021,71.22196678,-18.77803322
-0.34,0.03,231.542588,811.1336063,71.22196678,-18.77803322
-0.34,0.04,231.889677,842.2883529,71.22196678,-18.77803322
-0.34,0.05,232.2292266,873.4187421,71.22196678,-18.77803322
-0.34,0.06,232.5476683,904.5288548,71.22196678,-18.77803322
-0.34,0.07,232.8281385,935.6250458,71.22196678,-18.77803322
-0.34,0.08,233.0503112,966.7164667,71.22196678,-18.77803322
-0.34,0.09,233.1901993,997.8156278,71.22196678,-18.77803322
-0.34,0.1,233.2199262,1028.939003,71.22196678,-18.77803322
-0.34,0.11,233.1074665,1060.107687,71.22196678,-18.77803322
-0.34,0.12,232.8163558,1091.348103,71.22196678,-18.77803322
-0.34,0.13,232.3053711,1122.692784,71.22196678,-18.77803322
-0.34,0.14,231.5281795,1154.181211,71.22196678,-18.77803322
-0.34,0.15,230.4329572,1185.860734,71.22196678,-18.77803322
-0.34,0.16,228.9619776,1217.787573,71.22196678,-18.77803322
-0.34,0.17,227.0511691,1250.027908,71.22196678,-18.77803322
-0.34,0.18,224.6296423,1282.659059,71.22196678,-18.77803322
-0.34,0.19,221.6191866,1315.770771,71.22196678,-18.77803322
-0.34,0.2,217.9337366,1349.466602,71.22196678,-18.77803322
-0.34,0.21,213.4788078,1383.865429,71.22196678,-18.77803322
-0.34,0.22,208.1509018,1419.103067,71.22196678,-18.77803322
-0.33,-0.22,234.7200014,8.421263084,71.73711006,-18.26288994
-0.33,-0.21,239.5055564,43.96479146,71.73711006,-18.26288994
-0.33,-0.2,243.5183195,78.71904684,71.73711006,-18.26288994
-0.33,-0.19,246.8546792,112.8107659,71.73711006,-18.26288994
-0.33,-0.18,249.602473,146.3503468,71.73711006,-18.26288994
-0.33,-0.17,251.8415656,179.4334411,71.73711006,-18.26288994
-0.33,-0.16,253.6443959,212.1424269,71.73711006,-18.26288994
-0.33,-0.15,255.0764958,244.5477683,71.73711006,-18.26288994
-0.33,-0.14,256.1969778,276.7092688,71.73711006,-18.26288994
-0.33,-0.13,257.0589946,308.6772238,71.73711006,-18.26288994
-0.33,-0.12,257.7101681,340.4934793,71.73711006,-18.26288994
-0.33,-0.11,258.192989,372.1924028,71.73711006,-18.26288994
-0.33,-0.1,258.5451869,403.8017719,71.73711006,-18.26288994
-0.33,-0.09,258.800071,435.3435887,71.73711006,-18.26288994
-0.33,-0.08,258.9868403,466.8348239,71.73711006,-18.26288994
-0.33,-0.07,259.1308658,498.2880994,71.73711006,-18.26288994
-0.33,-0.06,259.2539412,529.7123133,71.73711006,-18.26288994
-0.33,-0.05,259.3745055,561.1132155,71.73711006,-18.26288994
-0.33,-0.04,259.5078353,592.493939,71.73711006,-18.26288994
-0.33,-0.03,259.6662076,623.8554934,71.73711006,-18.26288994
-0.33,-0.02,259.859033,655.1972275,71.73711006,-18.26288994
-0.33,-0.01,260.0929593,686.5172663,71.73711006,-18.26288994
-0.33,0,260.3719457,717.8129294,71.73711006,-18.26288994
-0.33,0.01,260.6973069,749.0811369,71.73711006,-18.26288994
-0.33,0.02,261.0677282,780.3188089,71.73711006,-18.26288994
-0.33,0.03,261.4792504,811.5232649,71.73711006,-18.26288994
-0.33,0.04,261.9252258,842.69263,71.73711006,-18.26288994
-0.33,0.05,262.3962436,873.8262529,71.73711006,-18.26288994
-0.33,0.06,262.8800269,904.9251434,71.73711006,-18.26288994
-0.33,0.07,263.3612992,935.9924342,71.73711006,-18.26288994
-0.33,0.08,263.8216213,967.0338754,71.73711006,-18.26288994
-0.33,0.09,264.2391996,998.0583651,71.73711006,-18.26288994
-0.33,0.1,264.5886632,1029.078525,71.73711006,-18.26288994
-0.33,0.11,264.8408129,1060.111326,71.73711006,-18.26288994
-0.33,0.12,264.9623396,1091.178771,71.73711006,-18.26288994
-0.33,0.13,264.9155137,1122.308636,71.73711006,-18.26288994
-0.33,0.14,264.6578445,1153.535289,71.73711006,-18.26288994
-0.33,0.15,264.1417101,1184.900577,71.73711006,-18.26288994
-0.33,0.16,263.3139579,1216.454794,71.73711006,-18.26288994
-0.33,0.17,262.1154752,1248.257744,71.73711006,-18.26288994
-0.33,0.18,260.4807302,1280.379892,71.73711006,-18.26288994
-0.33,0.19,258.337284,1312.903615,71.73711006,-18.26288994
-0.33,0.2,255.605272,1345.924565,71.73711006,-18.26288994
-0.33,0.21,252.1968565,1379.55314,71.73711006,-18.26288994
-0.33,0.22,248.0156492,1413.916077,71.73711006,-18.26288994
-0.32,-0.22,272.8425542,13.07369342,72.25532837,-17.74467163
-0.32,-0.21,276.5952269,47.84187567,72.25532837,-17.74467163
-0.32,-0.2,279.6665988,81.91807786,72.25532837,-17.74467163
-0.32,-0.19,282.146312,115.4204212,72.25532837,-17.74467163
-0.32,-0.18,284.1159039,148.451271,72.25532837,-17.74467163
-0.32,-0.17,285.6493666,181.0987999,72.25532837,-17.74467163
-0.32,-0.16,286.8136788,213.4384314,72.25532837,-17.74467163
-0.32,-0.15,287.6693073,245.5341704,72.25532837,-17.74467163
-0.32,-0.14,288.2706812,277.4398276,72.25532837,-17.74467163
-0.32,-0.13,288.6666369,309.2001426,72.25532837,-17.74467163
-0.32,-0.12,288.9008341,340.8518138,72.25532837,-17.74467163
-0.32,-0.11,289.0121433,372.4244393,72.25532837,-17.74467163
-0.32,-0.1,289.0350049,403.9413778,72.25532837,-17.74467163
-0.32,-0.09,288.9997595,435.4205323,72.25532837,-17.74467163
-0.32,-0.08,288.9329487,466.8750664,72.25532837,-17.74467163
-0.32,-0.07,288.8575883,498.3140568,72.25532837,-17.74467163
-0.32,-0.06,288.7934124,529.7430896,72.25532837,-17.74467163
-0.32,-0.05,288.7570881,561.1648069,72.25532837,-17.74467163
-0.32,-0.04,288.762403,592.5794084,72.25532837,-17.74467163
-0.32,-0.03,288.8204222,623.9851163,72.25532837,-17.74467163
-0.32,-0.02,288.939618,655.3786086,72.25532837,-17.74467163
-0.32,-0.01,289.1259705,686.7554268,72.25532837,-17.74467163
-0.32,0,289.3830388,718.1103653,72.25532837,-17.74467163
-0.32,0.01,289.7120046,749.4378482,72.25532837,-17.74467163
-0.32,0.02,290.1116862,780.7322995,72.25532837,-17.74467163
-0.32,0.03,290.5785243,811.9885137,72.25532837,-17.74467163
-0.32,0.04,291.1065392,843.2020323,72.25532837,-17.74467163
-0.32,0.05,291.6872584,874.3695332,72.25532837,-17.74467163
-0.32,0.06,292.3096167,905.4892387,72.25532837,-17.74467163
-0.32,0.07,292.9598268,936.5613485,72.25532837,-17.74467163
-0.32,0.08,293.6212212,967.5885046,72.25532837,-17.74467163
-0.32,0.09,294.2740661,998.5762932,72.25532837,-17.74467163
-0.32,0.1,294.8953455,1029.533791,72.25532837,-17.74467163
-0.32,0.11,295.4585179,1060.474162,72.25532837,-17.74467163
-0.32,0.12,295.9332428,1091.415308,72.25532837,-17.74467163
-0.32,0.13,296.2850797,1122.380589,72.25532837,-17.74467163
-0.32,0.14,296.4751581,1153.399602,72.25532837,-17.74467163
-0.32,0.15,296.4598182,1184.509046,72.25532837,-17.74467163
-0.32,0.16,296.1902237,1215.753661,72.25532837,-17.74467163
-0.32,0.17,295.6119457,1247.187257,72.25532837,-17.74467163
-0.32,0.18,294.6645169,1278.87384,72.25532837,-17.74467163
-0.32,0.19,293.2809592,1310.888831,72.25532837,-17.74467163
-0.32,0.2,291.38728,1343.320406,72.25532837,-17.74467163
-0.32,0.21,288.9019421,1376.270928,72.25532837,-17.74467163
-0.32,0.22,285.7353035,1409.858518,72.25532837,-17.74467163
-0.31,-0.22,309.1600326,16.70937708,72.77656381,-17.22343619
-0.31,-0.21,312.0012627,50.79298335,72.77656381,-17.22343619
-0.31,-0.2,314.244563,84.27511291,72.77656381,-17.22343619
-0.31,-0.19,315.9731824,117.2657172,72.77656381,-17.22343619
-0.31,-0.18,317.2626938,149.8595569,72.77656381,-17.22343619
-0.31,-0.17,318.1815358,182.1377364,72.77656381,-17.22343619
-0.31,-0.16,318.7915278,214.1691194,72.77656381,-17.22343619
-0.31,-0.15,319.1483562,246.0116313,72.77656381,-17.22343619
-0.31,-0.14,319.3020336,277.7134548,72.77656381,-17.22343619
-0.31,-0.13,319.2973295,309.3141257,72.77656381,-17.22343619
-0.31,-0.12,319.1741741,340.8455335,72.77656381,-17.22343619
-0.31,-0.11,318.9680332,372.3328351,72.77656381,-17.22343619
-0.31,-0.1,318.710256,403.7952863,72.77656381,-17.22343619
-0.31,-0.09,318.4283953,435.2469985,72.77656381,-17.22343619
-0.31,-0.08,318.1464987,466.6976258,72.77656381,-17.22343619
-0.31,-0.07,317.8853738,498.1529895,72.77656381,-17.22343619
-0.31,-0.06,317.6628236,529.6156466,72.77656381,-17.22343619
-0.31,-0.05,317.4938559,561.0854075,72.77656381,-17.22343619
-0.31,-0.04,317.3908634,592.5598099,72.77656381,-17.22343619
-0.31,-0.03,317.3637773,624.034555,72.77656381,-17.22343619
-0.31,-0.02,317.4201919,655.5039128,72.77656381,-17.22343619
-0.31,-0.01,317.5654622,686.9611016,72.77656381,-17.22343619
-0.31,0,317.8027735,718.3986493,72.77656381,-17.22343619
-0.31,0.01,318.1331827,749.8087413,72.77656381,-17.22343619
-0.31,0.02,318.5556329,781.1835633,72.77656381,-17.22343619
-0.31,0.03,319.0669388,812.515643,72.77656381,-17.22343619
-0.31,0.04,319.6617454,843.7981988,72.77656381,-17.22343619
-0.31,0.05,320.3324583,875.0255006,72.77656381,-17.22343619
-0.31,0.06,321.0691466,906.1932497,72.77656381,-17.22343619
-0.31,0.07,321.8594172,937.2989838,72.77656381,-17.22343619
-0.31,0.08,322.6882627,968.3425132,72.77656381,-17.22343619
-0.31,0.09,323.5378797,999.326395,72.77656381,-17.22343619
-0.31,0.1,324.387461,1030.25645,72.77656381,-17.22343619
-0.31,0.11,325.2129586,1061.142334,72.77656381,-17.22343619
-0.31,0.12,325.98682,1091.998156,72.77656381,-17.22343619
-0.31,0.13,326.677696,1122.843173,72.77656381,-17.22343619
-0.31,0.14,327.2501205,1153.702543,72.77656381,-17.22343619
-0.31,0.15,327.6641637,1184.608153,72.77656381,-17.22343619
-0.31,0.16,327.8750558,1215.599541,72.77656381,-17.22343619
-0.31,0.17,327.8327843,1246.724889,72.77656381,-17.22343619
-0.31,0.18,327.4816627,1278.042122,72.77656381,-17.22343619
-0.31,0.19,326.7598719,1309.620103,72.77656381,-17.22343619
-0.31,0.2,325.5989729,1341.539939,72.77656381,-17.22343619
-0.31,0.21,323.9233931,1373.896388,72.77656381,-17.22343619
-0.31,0.22,321.6498835,1406.799403,72.77656381,-17.22343619
-0.3,-0.22,343.9740846,19.44864446,73.30075577,-16.69924423
-0.3,-0.21,346.0152386,52.93042492,73.30075577,-16.69924423
-0.3,-0.2,347.5342594,85.89479828,73.30075577,-16.69924423
-0.3,-0.19,348.608345,118.4439752,73.30075577,-16.69924423
-0.3,-0.18,349.3074289,150.6655226,73.30075577,-16.69924423
-0.3,-0.17,349.6947051,182.6338705,73.30075577,-16.69924423
-0.3,-0.16,349.8271256,214.4117008,73.30075577,-16.69924423
-0.3,-0.15,349.7558718,246.0512216,73.30075577,-16.69924423
-0.3,-0.14,349.5267982,277.5953364,73.30075577,-16.69924423
-0.3,-0.13,349.1808498,309.0787113,73.30075577,-16.69924423
-0.3,-0.12,348.7544523,340.5287497,73.30075577,-16.69924423
-0.3,-0.11,348.2798753,371.9664774,73.30075577,-16.69924423
-0.3,-0.1,347.7855689,403.4073475,73.30075577,-16.69924423
-0.3,-0.09,347.296473,434.8619693,73.30075577,-16.69924423
-0.3,-0.08,346.8343002,466.3367685,73.30075577,-16.69924423
-0.3,-0.07,346.4177911,497.8345842,73.30075577,-16.69924423
-0.3,-0.06,346.0629434,529.3552097,73.30075577,-16.69924423
-0.3,-0.05,345.7832135,560.8958833,73.30075577,-16.69924423
-0.3,-0.04,345.5896915,592.4517344,73.30075577,-16.69924423
-0.3,-0.03,345.4912494,624.0161932,73.30075577,-16.69924423
-0.3,-0.02,345.4946619,655.5813676,73.30075577,-16.69924423
-0.3,-0.01,345.6047009,687.1383962,73.30075577,-16.69924423
-0.3,0,345.8242026,718.6777814,73.30075577,-16.69924423
-0.3,0.01,346.1541079,750.189711,73.30075577,-16.69924423
-0.3,0.02,346.5934758,781.6643726,73.30075577,-16.69924423
-0.3,0.03,347.1394702,813.092269,73.30075577,-16.69924423
-0.3,0.04,347.7873193,844.4645385,73.30075577,-16.69924423
-0.3,0.05,348.5302482,875.7732891,73.30075577,-16.69924423
-0.3,0.06,349.359385,907.0119508,73.30075577,-16.69924423
-0.3,0.07,350.2636397,938.1756533,73.30075577,-16.69924423
-0.3,0.08,351.2295557,969.2616347,73.30075577,-16.69924423
-0.3,0.09,352.2411354,1000.269688,73.30075577,-16.69924423
-0.3,0.1,353.2796382,1031.202654,73.30075577,-16.69924423
-0.3,0.11,354.3233515,1062.066956,73.30075577,-16.69924423
-0.3,0.12,355.3473355,1092.873204,73.30075577,-16.69924423
-0.3,0.13,356.3231399,1123.636852,73.30075577,-16.69924423
-0.3,0.14,357.2184953,1154.378925,73.30075577,-16.69924423
-0.3,0.15,357.9969758,1185.126827,73.30075577,-16.69924423
-0.3,0.16,358.6176365,1215.915224,73.30075577,-16.69924423
-0.3,0.17,359.0346229,1246.787019,73.30075577,-16.69924423
-0.3,0.18,359.1967537,1277.79442,73.30075577,-16.69924423
-0.3,0.19,359.0470767,1309.00011,73.30075577,-16.69924423
-0.3,0.2,358.522398,1340.478517,73.30075577,-16.69924423
-0.3,0.21,357.5527842,1372.317211,73.30075577,-16.69924423
-0.3,0.22,356.0610371,1404.618399,73.30075577,-16.69924423
-0.3,0.23,353.9621424,1437.500572,73.30075577,-16.69924423
-0.29,-0.22,377.5512305,21.40178902,73.82784098,-16.17215902
-0.29,-0.21,378.8941997,54.35701105,73.82784098,-16.17215902
-0.29,-0.2,379.7837758,86.87280643,73.82784098,-16.17215902
-0.29,-0.19,380.291437,119.0440576,73.82784098,-16.17215902
-0.29,-0.18,380.4817926,150.9515321,73.82784098,-16.17215902
-0.29,-0.17,380.4130902,182.6633633,73.82784098,-16.17215902
-0.29,-0.16,380.1376976,214.2364126,73.82784098,-16.17215902
-0.29,-0.15,379.7025571,245.7175171,73.82784098,-16.17215902
-0.29,-0.14,379.1496157,277.1446326,73.82784098,-16.17215902
-0.29,-0.13,378.516228,308.5478743,73.82784098,-16.17215902
-0.29,-0.12,377.835533,339.9504648,73.82784098,-16.17215902
-0.29,-0.11,377.1368063,371.3695933,73.82784098,-16.17215902
-0.29,-0.1,376.4457842,402.8171933,73.82784098,-16.17215902
-0.29,-0.09,375.7849637,434.3006459,73.82784098,-16.17215902
-0.29,-0.08,375.1738755,465.8234128,73.82784098,-16.17215902
-0.29,-0.07,374.6293306,497.3856071,73.82784098,-16.17215902
-0.29,-0.06,374.1656424,528.984508,73.82784098,-16.17215902
-0.29,-0.05,373.7948209,560.6150246,73.82784098,-16.17215902
-0.29,-0.04,373.5267424,592.270116,73.82784098,-16.17215902
-0.29,-0.03,373.3692923,623.9411741,73.82784098,-16.17215902
-0.29,-0.02,373.3284824,655.6183746,73.82784098,-16.17215902
-0.29,-0.01,373.4085418,687.291003,73.82784098,-16.17215902
-0.29,0,373.6119817,718.9477616,73.82784098,-16.17215902
-0.29,0.01,373.9396351,750.5770646,73.82784098,-16.17215902
-0.29,0.02,374.3906692,782.1673262,73.82784098,-16.17215902
-0.29,0.03,374.9625724,813.7072486,73.82784098,-16.17215902
-0.29,0.04,375.6511158,845.1861174,73.82784098,-16.17215902
-0.29,0.05,376.4502877,876.5941082,73.82784098,-16.17215902
-0.29,0.06,377.3522026,907.922613,73.82784098,-16.17215902
-0.29,0.07,378.3469842,939.1645908,73.82784098,-16.17215902
-0.29,0.08,379.4226224,970.3149509,73.82784098,-16.17215902
-0.29,0.09,380.5648041,1001.370972,73.82784098,-16.17215902
-0.29,0.1,381.7567179,1032.332768,73.82784098,-16.17215902
-0.29,0.11,382.9788333,1063.2038,73.82784098,-16.17215902
-0.29,0.12,384.2086534,1093.991449,73.82784098,-16.17215902
-0.29,0.13,385.4204417,1124.70765,73.82784098,-16.17215902
-0.29,0.14,386.5849229,1155.36959,73.82784098,-16.17215902
-0.29,0.15,387.6689576,1186.000492,73.82784098,-16.17215902
-0.29,0.16,388.6351914,1216.630473,73.82784098,-16.17215902
-0.29,0.17,389.4416775,1247.297486,73.82784098,-16.17215902
-0.29,0.18,390.0414732,1278.048371,73.82784098,-16.17215902
-0.29,0.19,390.382211,1308.939988,73.82784098,-16.17215902
-0.29,0.2,390.4056432,1340.04047,73.82784098,-16.17215902
-0.29,0.21,390.0471604,1371.430585,73.82784098,-16.17215902
-0.29,0.22,389.2352846,1403.205215,73.82784098,-16.17215902
-0.29,0.23,387.8911354,1435.474965,73.82784098,-16.17215902
-0.28,-0.22,410.1259116,22.66966891,74.35775354,-15.64224646
-0.28,-0.21,410.8636905,55.16662693,74.35775354,-15.64224646
-0.28,-0.2,411.2102511,87.29638287,74.35775354,-15.64224646
-0.28,-0.19,411.2316719,119.1468875,74.35775354,-15.64224646
-0.28,-0.18,410.987542,150.7924879,74.35775354,-15.64224646
-0.28,-0.17,410.531452,182.2953824,74.35775354,-15.64224646
-0.28,-0.16,409.9114579,213.7069571,74.35775354,-15.64224646
-0.28,-0.15,409.1705212,245.0690087,74.35775354,-15.64224646
-0.28,-0.14,408.346923,276.4148611,74.35775354,-15.64224646
-0.28,-0.13,407.4746536,307.7703811,74.35775354,-15.64224646
-0.28,-0.12,406.5837767,339.1549006,74.35775354,-15.64224646
-0.28,-0.11,405.7007683,370.5820501,74.35775354,-15.64224646
-0.28,-0.1,404.8488309,402.0605115,74.35775354,-15.64224646
-0.28,-0.09,404.0481824,433.5946949,74.35775354,-15.64224646
-0.28,-0.08,403.3163195,465.1853468,74.35775354,-15.64224646
-0.28,-0.07,402.6682569,496.8300952,74.35775354,-15.64224646
-0.28,-0.06,402.1167403,528.5239383,74.35775354,-15.64224646
-0.28,-0.05,401.6724351,560.2596833,74.35775354,-15.64224646
-0.28,-0.04,401.3440894,592.0283408,74.35775354,-15.64224646
-0.28,-0.03,401.1386725,623.8194818,74.35775354,-15.64224646
-0.28,-0.02,401.0614877,655.6215633,74.35775354,-15.64224646
-0.28,-0.01,401.1162603,687.4222289,74.35775354,-15.64224646
-0.28,0,401.3052002,719.20859,74.35775354,-15.64224646
-0.28,0.01,401.6290401,750.9674955,74.35775354,-15.64224646
-0.28,0.02,402.0870473,782.6857942,74.35775354,-15.64224646
-0.28,0.03,402.6770119,814.3505976,74.35775354,-15.64224646
-0.28,0.04,403.3952086,845.9495492,74.35775354,-15.64224646
-0.28,0.05,404.2363341,877.4711062,74.35775354,-15.64224646
-0.28,0.06,405.1934192,908.9048394,74.35775354,-15.64224646
-0.28,0.07,406.2577156,940.2417595,74.35775354,-15.64224646
-0.28,0.08,407.418558,971.4746736,74.35775354,-15.64224646
-0.28,0.09,408.6632006,1002.59858,74.35775354,-15.64224646
-0.28,0.1,409.976629,1033.611107,74.35775354,-15.64224646
-0.28,0.11,411.3413462,1064.513,74.35775354,-15.64224646
-0.28,0.12,412.7371344,1095.30867,74.35775354,-15.64224646
-0.28,0.13,414.1407911,1126.006799,74.35775354,-15.64224646
-0.28,0.14,415.5258402,1156.621018,74.35775354,-15.64224646
-0.28,0.15,416.8622182,1187.170657,74.35775354,-15.64224646
-0.28,0.16,418.1159348,1217.681585,74.35775354,-15.64224646
-0.28,0.17,419.2487086,1248.187124,74.35775354,-15.64224646
-0.28,0.18,420.2175785,1278.729072,74.35775354,-15.64224646
-0.28,0.19,420.9744881,1309.358815,74.35775354,-15.64224646
-0.28,0.2,421.4658472,1340.13855,74.35775354,-15.64224646
-0.28,0.21,421.6320663,1371.142626,74.35775354,-15.64224646
-0.28,0.22,421.4070673,1402.458992,74.35775354,-15.64224646
-0.28,0.23,420.7177681,1434.190785,74.35775354,-15.64224646
-0.27,-0.22,441.90335,23.34428888,74.89042488,-15.10957512
-0.27,-0.21,442.1205958,55.44478776,74.89042488,-15.10957512
-0.27,-0.2,442.002698,87.24487523,74.89042488,-15.10957512
-0.27,-0.19,441.6106439,118.8259517,74.89042488,-15.10957512
-0.27,-0.18,440.9992968,150.2563071,74.89042488,-15.10957512
-0.27,-0.17,440.2178686,181.592551,74.89042488,-15.10957512
-0.27,-0.16,439.3103679,212.8809247,74.89042488,-15.10957512
-0.27,-0.15,438.3160234,244.1584991,74.89042488,-15.10957512
-0.27,-0.14,437.2696843,275.454267,74.89042488,-15.10957512
-0.27,-0.13,436.2021952,306.7901339,74.89042488,-15.10957512
-0.27,-0.12,435.1407475,338.1818153,74.89042488,-15.10957512
-0.27,-0.11,434.1092066,369.6396465,74.89042488,-15.10957512
-0.27,-0.1,433.1284141,401.1693095,74.89042488,-15.10957512
-0.27,-0.09,432.2164671,432.7724861,74.89042488,-15.10957512
-0.27,-0.08,431.3889718,464.4474408,74.89042488,-15.10957512
-0.27,-0.07,430.6592743,496.1895415,74.89042488,-15.10957512
-0.27,-0.06,430.0386659,527.991724,74.89042488,-15.10957512
-0.27,-0.05,429.5365651,559.8449051,74.89042488,-15.10957512
-0.27,-0.04,429.160675,591.7383534,74.89042488,-15.10957512
-0.27,-0.03,428.9171164,623.660021,74.89042488,-15.10957512
-0.27,-0.02,428.810537,655.5968447,74.89042488,-15.10957512
-0.27,-0.01,428.8441958,687.5350216,74.89042488,-15.10957512
-0.27,0,429.0200243,719.4602665,74.89042488,-15.10957512
-0.27,0.01,429.3386621,751.3580557,74.89042488,-15.10957512
-0.27,0.02,429.7994694,783.2138658,74.89042488,-15.10957512
-0.27,0.03,430.4005151,815.0134113,74.89042488,-15.10957512
-0.27,0.04,431.1385399,846.7428896,74.89042488,-15.10957512
-0.27,0.05,432.0088963,878.3892374,74.89042488,-15.10957512
-0.27,0.06,433.0054633,909.9404067,74.89042488,-15.10957512
-0.27,0.07,434.1205379,941.3856661,74.89042488,-15.10957512
-0.27,0.08,435.3447017,972.7159327,74.89042488,-15.10957512
-0.27,0.09,436.6666632,1003.924142,74.89042488,-15.10957512
-0.27,0.1,438.0730765,1035.005662,74.89042488,-15.10957512
-0.27,0.11,439.5483352,1065.958757,74.89042488,-15.10957512
-0.27,0.12,441.0743424,1096.785109,74.89042488,-15.10957512
-0.27,0.13,442.6302563,1127.4904,74.89042488,-15.10957512
-0.27,0.14,444.1922116,1158.084965,74.89042488,-15.10957512
-0.27,0.15,445.733017,1188.58452,74.89042488,-15.10957512
-0.27,0.16,447.2218277,1219.01097,74.89042488,-15.10957512
-0.27,0.17,448.6237947,1249.393309,74.89042488,-15.10957512
-0.27,0.18,449.8996891,1279.768606,74.89042488,-15.10957512
-0.27,0.19,451.0055024,1310.183103,74.89042488,-15.10957512
-0.27,0.2,451.8920228,1340.693411,74.89042488,-15.10957512
-0.27,0.21,452.5043868,1371.367818,74.89042488,-15.10957512
-0.27,0.22,452.7816072,1402.287725,74.89042488,-15.10957512
-0.27,0.23,452.6560765,1433.5492,74.89042488,-15.10957512
-0.26,-0.22,473.0622268,23.50936247,75.4257838,-14.5742162
-0.26,-0.21,472.8357995,55.26917535,75.4257838,-14.5742162
-0.26,-0.2,472.3246429,86.79024428,75.4257838,-14.5742162
-0.26,-0.19,471.5849511,118.1477859,75.4257838,-14.5742162
-0.26,-0.18,470.6671449,149.4043813,75.4257838,-14.5742162
-0.26,-0.17,469.6163265,180.6113831,75.4257838,-14.5742162
-0.26,-0.16,468.472711,211.810203,75.4257838,-14.5742162
-0.26,-0.15,467.2720347,243.0334864,75.4257838,-14.5742162
-0.26,-0.14,466.0459398,274.3061807,75.4257838,-14.5742162
-0.26,-0.13,464.822336,305.6465024,75.4257838,-14.5742162
-0.26,-0.12,463.6257388,337.0668108,75.4257838,-14.5742162
-0.26,-0.11,462.4775842,368.5743936,75.4257838,-14.5742162
-0.26,-0.1,461.3965205,400.1721707,75.4257838,-14.5742162
-0.26,-0.09,460.3986763,431.8593227,75.4257838,-14.5742162
-0.26,-0.08,459.4979056,463.631851,75.4257838,-14.5742162
-0.26,-0.07,458.7060092,495.4830741,75.4257838,-14.5742162
-0.26,-0.06,458.0329331,527.404068,75.4257838,-14.5742162
-0.26,-0.05,457.4869435,559.3840569,75.4257838,-14.5742162
-0.26,-0.04,457.0747782,591.4107586,75.4257838,-14.5742162
-0.26,-0.03,456.8017751,623.4706936,75.4257838,-14.5742162
-0.26,-0.02,456.6719769,655.5494619,75.4257838,-14.5742162
-0.26,-0.01,456.6882131,687.6319955,75.4257838,-14.5742162
-0.26,0,456.852158,719.7027911,75.4257838,-14.5742162
-0.26,0.01,457.1643658,751.7461311,75.4257838,-14.5742162
-0.26,0.02,457.6242823,783.7462978,75.4257838,-14.5742162
-0.26,0.03,458.2302331,815.6877881,75.4257838,-14.5742162
-0.26,0.04,458.9793889,847.5555337,75.4257838,-14.5742162
-0.26,0.05,459.8677069,879.3351348,75.4257838,-14.5742162
-0.26,0.06,460.8898491,911.0131119,75.4257838,-14.5742162
-0.26,0.07,462.0390779,942.5771829,75.4257838,-14.5742162
-0.26,0.08,463.307127,974.0165716,75.4257838,-14.5742162
-0.26,0.09,464.6840504,1005.322354,75.4257838,-14.5742162
-0.26,0.1,466.1580473,1036.48785,75.4257838,-14.5742162
-0.26,0.11,467.7152637,1067.509059,75.4257838,-14.5742162
-0.26,0.12,469.3395709,1098.385162,75.4257838,-14.5742162
-0.26,0.13,471.0123208,1129.11908,75.4257838,-14.5742162
-0.26,0.14,472.7120772,1159.7181,75.4257838,-14.5742162
-0.26,0.15,474.4143248,1190.194582,75.4257838,-14.5742162
-0.26,0.16,476.0911538,1220.566741,75.4257838,-14.5742162
-0.26,0.17,477.710922,1250.859526,75.4257838,-14.5742162
-0.26,0.18,479.237893,1281.105581,75.4257838,-14.5742162
-0.26,0.19,480.6318519,1311.346318,75.4257838,-14.5742162
-0.26,0.2,481.8476964,1341.633091,75.4257838,-14.5742162
-0.26,0.21,482.8350057,1372.02848,75.4257838,-14.5742162
-0.26,0.22,483.5375856,1402.607701,75.4257838,-14.5742162
-0.26,0.23,483.8929904,1433.460139,75.4257838,-14.5742162
-0.25,-0.22,503.7571841,23.24085448,75.96375653,-14.03624347
-0.25,-0.21,503.1566674,54.71015596,75.96375653,-14.03624347
-0.25,-0.2,502.3165908,85.99755714,75.96375653,-14.03624347
-0.25,-0.19,501.2886424,117.172443,75.96375653,-14.03624347
-0.25,-0.18,500.1190732,148.2920204,75.96375653,-14.03624347
-0.25,-0.17,498.8491346,179.402702,75.96375653,-14.03624347
-0.25,-0.16,497.5154934,210.5413712,75.96375653,-14.03624347
-0.25,-0.15,496.1506241,241.7365337,75.96375653,-14.03624347
-0.25,-0.14,494.783179,273.0093631,75.96375653,-14.03624347
-0.25,-0.13,493.4383357,304.374645,75.96375653,-14.03624347
-0.25,-0.12,492.1381227,335.841628,75.96375653,-14.03624347
-0.25,-0.11,490.9017218,367.4147862,75.96375653,-14.03624347
-0.25,-0.1,489.7457487,399.0945003,75.96375653,-14.03624347
-0.25,-0.09,488.6845106,430.8776633,75.96375653,-14.03624347
-0.25,-0.08,487.7302419,462.7582176,75.96375653,-14.03624347
-0.25,-0.07,486.8933175,494.7276283,75.96375653,-14.03624347
-0.25,-0.06,486.182443,526.7753013,75.96375653,-14.03624347
-0.25,-0.05,485.604823,558.8889503,75.96375653,-14.03624347
-0.25,-0.04,485.1663072,591.0549201,75.96375653,-14.03624347
-0.25,-0.03,484.8715135,623.2584723,75.96375653,-14.03624347
-0.25,-0.02,484.7239286,655.4840399,75.96375653,-14.03624347
-0.25,-0.01,484.7259874,687.7154558,75.96375653,-14.03624347
-0.25,0,484.8791281,719.9361638,75.96375653,-14.03624347
-0.25,0.01,485.1838265,752.1294163,75.96375653,-14.03624347
-0.25,0.02,485.6396068,784.2784653,75.96375653,-14.03624347
-0.25,0.03,486.2450308,816.3667548,75.96375653,-14.03624347
-0.25,0.04,486.9976637,848.3781177,75.96375653,-14.03624347
-0.25,0.05,487.8940186,880.296987,75.96375653,-14.03624347
-0.25,0.06,488.9294777,912.1086242,75.96375653,-14.03624347
-0.25,0.07,490.0981913,943.7993742,75.96375653,-14.03624347
-0.25,0.08,491.3929548,975.3569506,75.96375653,-14.03624347
-0.25,0.09,492.8050625,1006.770759,75.96375653,-14.03624347
-0.25,0.1,494.3241398,1038.032266,75.96375653,-14.03624347
-0.25,0.11,495.937952,1069.135412,75.96375653,-14.03624347
-0.25,0.12,497.632192,1100.077091,75.96375653,-14.03624347
-0.25,0.13,499.3902441,1130.857683,75.96375653,-14.03624347
-0.25,0.14,501.1929265,1161.481664,75.96375653,-14.03624347
-0.25,0.15,503.0182108,1191.95828,75.96375653,-14.03624347
-0.25,0.16,504.8409192,1222.302318,75.96375653,-14.03624347
-0.25,0.17,506.6323995,1252.534952,75.96375653,-14.03624347
-0.25,0.18,508.3601771,1282.684687,75.96375653,-14.03624347
-0.25,0.19,509.9875855,1312.788407,75.96375653,-14.03624347
-0.25,0.2,511.473373,1342.892524,75.96375653,-14.03624347
-0.25,0.21,512.7712887,1373.054244,75.96375653,-14.03624347
-0.25,0.22,513.8296445,1403.342954,75.96375653,-14.03624347
-0.25,0.23,514.5908556,1433.841726,75.96375653,-14.03624347
-0.24,-0.22,534.1211578,22.60750367,76.50426672,-13.49573328
-0.24,-0.21,533.2093603,53.83127926,76.50426672,-13.49573328
-0.24,-0.2,532.0983199,84.92546242,76.50426672,-13.49573328
-0.24,-0.19,530.8354946,115.9539451,76.50426672,-13.49573328
-0.24,-0.18,529.463228,146.9688804,76.50426672,-13.49573328
-0.24,-0.17,528.0191699,178.0120446,76.50426672,-13.49573328
-0.24,-0.16,526.5366738,209.1160803,76.50426672,-13.49573328
-0.24,-0.15,525.0451747,240.3056257,76.50426672,-13.49573328
-0.24,-0.14,523.5705435,271.5983383,76.50426672,-13.49573328
-0.24,-0.13,522.135421,303.0058173,76.50426672,-13.49573328
-0.24,-0.12,520.7595303,334.5344323,76.50426672,-13.49573328
-0.24,-0.11,519.4599671,366.186064,76.50426672,-13.49573328
-0.24,-0.1,518.2514691,397.9587634,76.50426672,-13.49573328
-0.24,-0.09,517.1466637,429.8473355,76.50426672,-13.49573328
-0.24,-0.08,516.1562937,461.843854,76.50426672,-13.49573328
-0.24,-0.07,515.2894221,493.9381135,76.50426672,-13.49573328
-0.24,-0.06,514.5536149,526.1180248,76.50426672,-13.49573328
-0.24,-0.05,513.9551031,558.3699604,76.50426672,-13.49573328
-0.24,-0.04,513.4989219,590.6790556,76.50426672,-13.49573328
-0.24,-0.03,513.1890297,623.0294727,76.50426672,-13.49573328
-0.24,-0.02,513.0284048,655.4046326,76.50426672,-13.49573328
-0.24,-0.01,513.0191206,687.7874226,76.50426672,-13.49573328
-0.24,0,513.1623998,720.1603847,76.50426672,-13.49573328
-0.24,0.01,513.4586462,752.5058912,76.50426672,-13.49573328
-0.24,0.02,513.9074559,784.8063144,76.50426672,-13.49573328
-0.24,0.03,514.5076064,817.0441962,76.50426672,-13.49573328
-0.24,0.04,515.2570241,849.2024239,76.50426672,-13.49573328
-0.24,0.05,516.1527308,881.2644186,76.50426672,-13.49573328
-0.24,0.06,517.1907682,913.2143424,76.50426672,-13.49573328
-0.24,0.07,518.3661009,945.0373307,76.50426672,-13.49573328
-0.24,0.08,519.6724981,976.7197559,76.50426672,-13.49573328
-0.24,0.09,521.1023936,1008.249529,76.50426672,-13.49573328
-0.24,0.1,522.6467246,1039.616444,76.50426672,-13.49573328
-0.24,0.11,524.2947481,1070.812576,76.50426672,-13.49573328
-0.24,0.12,526.0338368,1101.832728,76.50426672,-13.49573328
-0.24,0.13,527.8492531,1132.674953,76.50426672,-13.49573328
-0.24,0.14,529.7239011,1163.34113,76.50426672,-13.49573328
-0.24,0.15,531.6380579,1193.83763,76.50426672,-13.49573328
-0.24,0.16,533.5690826,1224.176051,76.50426672,-13.49573328
-0.24,0.17,535.4911041,1254.374051,76.50426672,-13.49573328
-0.24,0.18,537.3746879,1284.456269,76.50426672,-13.49573328
-0.24,0.19,539.18648,1314.455346,76.50426672,-13.49573328
-0.24,0.2,540.8888309,1344.41306,76.50426672,-13.49573328
-0.24,0.21,542.4393967,1374.381563,76.50426672,-13.49573328
-0.24,0.22,543.7907198,1404.424747,76.50426672,-13.49573328
-0.24,0.23,544.8897869,1434.619731,76.50426672,-13.49573328
-0.23,-0.22,564.2675466,21.67132582,77.04723549,-12.95276451
-0.23,-0.21,563.1009841,52.68975846,77.04723549,-12.95276451
-0.23,-0.2,561.7710135,83.62664759,77.04723549,-12.95276451
-0.23,-0.19,560.3211271,114.5407174,77.04723549,-12.95276451
-0.23,-0.18,558.7900132,145.4793748,77.04723549,-12.95276451
-0.23,-0.17,557.2119588,176.4800501,77.04723549,-12.95276451
-0.23,-0.16,555.6172307,207.571419,77.04723549,-12.95276451
-0.23,-0.15,554.0324371,238.7745115,77.04723549,-12.95276451
-0.23,-0.14,552.4808678,270.1037136,77.04723549,-12.95276451
-0.23,-0.13,550.9828142,301.5676691,77.04723549,-12.95276451
-0.23,-0.12,549.5558682,333.1700876,77.04723549,-12.95276451
-0.23,-0.11,548.2152012,364.9104633,77.04723549,-12.95276451
-0.23,-0.1,546.9738215,396.7847136,77.04723549,-12.95276451
-0.23,-0.09,545.842812,428.7857417,77.04723549,-12.95276451
-0.23,-0.08,544.8315467,460.9039304,77.04723549,-12.95276451
-0.23,-0.07,543.9478865,493.1275729,77.04723549,-12.95276451
-0.23,-0.06,543.1983551,525.4432471,77.04723549,-12.95276451
-0.23,-0.05,542.5882932,557.8361402,77.04723549,-12.95276451
-0.23,-0.04,542.1219931,590.2903286,77.04723549,-12.95276451
-0.23,-0.03,541.8028117,622.7890209,77.04723549,-12.95276451
-0.23,-0.02,541.6332638,655.314769,77.04723549,-12.95276451
-0.23,-0.01,541.615094,687.8496539,77.04723549,-12.95276451
-0.23,0,541.7493286,720.3754537,77.04723549,-12.95276451
-0.23,0.01,542.036306,752.8737979,77.04723549,-12.95276451
-0.23,0.02,542.4756877,785.326316,77.04723549,-12.95276451
-0.23,0.03,543.0664476,817.7147859,77.04723549,-12.95276451
-0.23,0.04,543.806841,850.0212889,77.04723549,-12.95276451
-0.23,0.05,544.6943531,882.2283768,77.04723549,-12.95276451
-0.23,0.06,545.725627,914.3192581,77.04723549,-12.95276451
-0.23,0.07,546.8963704,946.2780093,77.04723549,-12.95276451
-0.23,0.08,548.2012425,978.0898175,77.04723549,-12.95276451
-0.23,0.09,549.6337199,1009.741261,77.04723549,-12.95276451
-0.23,0.1,551.1859413,1041.220632,77.04723549,-12.95276451
-0.23,0.11,552.848533,1072.518314,77.04723549,-12.95276451
-0.23,0.12,554.610412,1103.627211,77.04723549,-12.95276451
-0.23,0.13,556.4585699,1134.543239,77.04723549,-12.95276451
-0.23,0.14,558.3778355,1165.265893,77.04723549,-12.95276451
-0.23,0.15,560.3506168,1195.798882,77.04723549,-12.95276451
-0.23,0.16,562.3566224,1226.15085,77.04723549,-12.95276451
-0.23,0.17,564.3725625,1256.336184,77.04723549,-12.95276451
-0.23,0.18,566.3718289,1286.375913,77.04723549,-12.95276451
-0.23,0.19,568.3241547,1316.298712,77.04723549,-12.95276451
-0.23,0.2,570.1952531,1346.142013,77.04723549,-12.95276451
-0.23,0.21,571.9464357,1375.953222,77.04723549,-12.95276451
-0.23,0.22,573.5342102,1405.791063,77.04723549,-12.95276451
-0.23,0.23,574.9098573,1435.727044,77.04723549,-12.95276451
-0.22,-0.22,594.2922246,20.48809699,77.59258147,-12.40741853
-0.22,-0.21,592.9215831,51.33693163,77.59258147,-12.40741853
-0.22,-0.2,591.4192341,82.14827825,77.59258147,-12.40741853
-0.22,-0.19,589.8249583,112.976006,77.59258147,-12.40741853
-0.22,-0.18,588.1740301,143.8630702,77.59258147,-12.40741853
-0.22,-0.17,586.4976025,174.8428331,77.59258147,-12.40741853
-0.22,-0.16,584.8230722,205.9402651,77.59258147,-12.40741853
-0.22,-0.15,583.1744251,237.1730342,77.59258147,-12.40741853
-0.22,-0.14,581.5725619,268.552487,77.59258147,-12.40741853
-0.22,-0.13,580.0356037,300.0845308,77.59258147,-12.40741853
-0.22,-0.12,578.5791788,331.7704205,77.59258147,-12.40741853
-0.22,-0.11,577.2166887,363.6074585,77.59258147,-12.40741853
-0.22,-0.1,575.9595547,395.5896123,77.59258147,-12.40741853
-0.22,-0.09,574.8174453,427.7080571,77.59258147,-12.40741853
-0.22,-0.08,573.7984832,459.9516493,77.59258147,-12.40741853
-0.22,-0.07,572.9094328,492.3073374,77.59258147,-12.40741853
-0.22,-0.06,572.1558678,524.7605161,77.59258147,-12.40741853
-0.22,-0.05,571.5423195,557.2953303,77.59258147,-12.40741853
-0.22,-0.04,571.0724051,589.8949357,77.59258147,-12.40741853
-0.22,-0.03,570.7489359,622.5417204,77.59258147,-12.40741853
-0.22,-0.02,570.5740065,655.2174968,77.59258147,-12.40741853
-0.22,-0.01,570.5490637,687.9036671,77.59258147,-12.40741853
-0.22,0,570.6749557,720.5813709,77.59258147,-12.40741853
-0.22,0.01,570.9519621,753.231619,77.59258147,-12.40741853
-0.22,0.02,571.3798034,785.8354225,77.59258147,-12.40741853
-0.22,0.03,571.9576312,818.3739208,77.59258147,-12.40741853
-0.22,0.04,572.6839988,850.8285162,77.59258147,-12.40741853
-0.22,0.05,573.5568116,883.1810209,77.59258147,-12.40741853
-0.22,0.06,574.5732583,915.4138234,77.59258147,-12.40741853
-0.22,0.07,575.7297217,947.5100791,77.59258147,-12.40741853
-0.22,0.08,577.0216706,979.4539329,77.59258147,-12.40741853
-0.22,0.09,578.4435311,1011.23078,77.59258147,-12.40741853
-0.22,0.1,579.9885388,1042.827568,77.59258147,-12.40741853
-0.22,0.11,581.6485712,1074.233154,77.59258147,-12.40741853
-0.22,0.12,583.4139598,1105.438712,77.59258147,-12.40741853
-0.22,0.13,585.2732831,1136.438212,77.59258147,-12.40741853
-0.22,0.14,587.2131397,1167.228954,77.59258147,-12.40741853
-0.22,0.15,589.2179014,1197.812194,77.59258147,-12.40741853
-0.22,0.16,591.2694469,1228.193838,77.59258147,-12.40741853
-0.22,0.17,593.3468756,1258.385235,77.59258147,-12.40741853
-0.22,0.18,595.4262016,1288.404051,77.59258147,-12.40741853
-0.22,0.19,597.4800282,1318.275258,77.59258147,-12.40741853
-0.22,0.2,599.4772025,1348.032216,77.59258147,-12.40741853
-0.22,0.21,601.3824499,1377.717883,77.59258147,-12.40741853
-0.22,0.22,603.1559898,1407.386126,77.59258147,-12.40741853
-0.22,0.23,604.7531307,1437.103175,77.59258147,-12.40741853
-0.21,-0.22,624.2754029,19.10781707,78.14022088,-11.85977912
-0.21,-0.21,622.7459821,49.81870424,78.14022088,-11.85977912
-0.21,-0.2,621.1127482,80.53241957,78.14022088,-11.85977912
-0.21,-0.19,619.4120129,111.2982779,78.14022088,-11.85977912
-0.21,-0.18,617.6758677,142.1550655,78.14022088,-11.85977912
-0.21,-0.17,615.9325507,173.1323421,78.14022088,-11.85977912
-0.21,-0.16,614.2067958,204.2516226,78.14022088,-11.85977912
-0.21,-0.15,612.5201619,235.527447,78.14022088,-11.85977912
-0.21,-0.14,610.8913439,266.9683425,78.14022088,-11.85977912
-0.21,-0.13,609.3364649,298.5776861,78.14022088,-11.85977912
-0.21,-0.12,607.8693489,330.3544725,78.14022088,-11.85977912
-0.21,-0.11,606.5017757,362.293994,78.14022088,-11.85977912
-0.21,-0.1,605.243716,394.3884399,78.14022088,-11.85977912
-0.21,-0.09,604.103548,426.6274189,78.14022088,-11.85977912
-0.21,-0.08,603.0882558,458.9984138,78.14022088,-11.85977912
-0.21,-0.07,602.2036076,491.487173,78.14022088,-11.85977912
-0.21,-0.06,601.4543162,524.0780452,78.14022088,-11.85977912
-0.21,-0.05,600.8441805,556.7542645,78.14022088,-11.85977912
-0.21,-0.04,600.3762075,589.498191,78.14022088,-11.85977912
-0.21,-0.03,600.0527165,622.2915143,78.14022088,-11.85977912
-0.21,-0.02,599.875423,655.1154247,78.14022088,-11.85977912
-0.21,-0.01,599.8455058,687.9507607,78.14022088,-11.85977912
-0.21,0,599.9636528,720.7781361,78.14022088,-11.85977912
-0.21,0.01,600.2300906,753.5780559,78.14022088,-11.85977912
-0.21,0.02,600.6445927,786.331025,78.14022088,-11.85977912
-0.21,0.03,601.206471,819.0176574,78.14022088,-11.85977912
-0.21,0.04,601.914547,851.6187913,78.14022088,-11.85977912
-0.21,0.05,602.7671047,884.1156173,78.14022088,-11.85977912
-0.21,0.06,603.7618253,916.4898248,78.14022088,-11.85977912
-0.21,0.07,604.8957015,948.723774,78.14022088,-11.85977912
-0.21,0.08,606.1649346,980.8006989,78.14022088,-11.85977912
-0.21,0.09,607.5648117,1012.704948,78.14022088,-11.85977912
-0.21,0.1,609.0895645,1044.422271,78.14022088,-11.85977912
-0.21,0.11,610.7322091,1075.940148,78.14022088,-11.85977912
-0.21,0.12,612.4843671,1107.248191,78.14022088,-11.85977912
-0.21,0.13,614.336068,1138.338587,78.14022088,-11.85977912
-0.21,0.14,616.2755319,1169.206629,78.14022088,-11.85977912
-0.21,0.15,618.2889347,1199.851311,78.14022088,-11.85977912
-0.21,0.16,620.3601534,1230.276012,78.14022088,-11.85977912
-0.21,0.17,622.4704932,1260.489257,78.14022088,-11.85977912
-0.21,0.18,624.598395,1290.505587,78.14022088,-11.85977912
-0.21,0.19,626.7191251,1320.346516,78.14022088,-11.85977912
-0.21,0.2,628.8044452,1350.041606,78.14022088,-11.85977912
-0.21,0.21,630.822264,1379.629641,78.14022088,-11.85977912
-0.21,0.22,632.7362696,1409.159936,78.14022088,-11.85977912
-0.21,0.23,634.5055437,1438.693763,78.14022088,-11.85977912
-0.2,-0.22,654.2833463,17.57515363,78.69006753,-11.30993247
-0.2,-0.21,652.6354841,48.17597273,78.69006753,-11.30993247
-0.2,-0.2,650.9082049,78.81643982,78.69006753,-11.30993247
-0.2,-0.19,649.1345832,109.5416043,78.69006753,-11.30993247
-0.2,-0.18,647.3437479,140.3863549,78.69006753,-11.30993247
-0.2,-0.17,645.5612316,171.3767025,78.69006753,-11.30993247
-0.2,-0.16,643.8093028,202.5309445,78.69006753,-11.30993247
-0.2,-0.15,642.1072803,233.8607157,78.69006753,-11.30993247
-0.2,-0.14,640.4718283,265.3719322,78.69006753,-11.30993247
-0.2,-0.13,638.9172355,297.0656356,78.69006753,-11.30993247
-0.2,-0.12,637.4556746,328.9387425,78.69006753,-11.30993247
-0.2,-0.11,636.0974449,360.9847062,78.69006753,-11.30993247
-0.2,-0.1,634.8511962,393.1940973,78.69006753,-11.30993247
-0.2,-0.09,633.7241356,425.5551083,78.69006753,-11.30993247
-0.2,-0.08,632.7222155,458.0539895,78.69006753,-11.30993247
-0.2,-0.07,631.8503042,490.675422,78.69006753,-11.30993247
-0.2,-0.06,631.1123385,523.4028347,78.69006753,-11.30993247
-0.2,-0.05,630.5114581,556.2186701,78.69006753,-11.30993247
-0.2,-0.04,630.0501223,589.1046073,78.69006753,-11.30993247
-0.2,-0.03,629.7302087,622.0417466,78.69006753,-11.30993247
-0.2,-0.02,629.553094,655.0107629,78.69006753,-11.30993247
-0.2,-0.01,629.5197166,687.9920337,78.69006753,-11.30993247
-0.2,0,629.6306217,720.9657495,78.69006753,-11.30993247
-0.2,0.01,629.8859879,753.9120096,78.69006753,-11.30993247
-0.2,0.02,630.2856366,786.8109137,78.69006753,-11.30993247
-0.2,0.03,630.8290226,819.6426518,78.69006753,-11.30993247
-0.2,0.04,631.5152074,852.3876018,78.69006753,-11.30993247
-0.2,0.05,632.3428145,885.0264385,78.69006753,-11.30993247
-0.2,0.06,633.3099662,917.5402621,78.69006753,-11.30993247
-0.2,0.07,634.4142032,949.9107517,78.69006753,-11.30993247
-0.2,0.08,635.6523858,982.12035,78.69006753,-11.30993247
-0.2,0.09,637.0205772,1014.152486,78.69006753,-11.30993247
-0.2,0.1,638.5139091,1045.99184,78.69006753,-11.30993247
-0.2,0.11,640.126429,1077.624663,78.69006753,-11.30993247
-0.2,0.12,641.8509301,1109.039148,78.69006753,-11.30993247
-0.2,0.13,643.6787622,1140.225864,78.69006753,-11.30993247
-0.2,0.14,645.5996263,1171.178266,78.69006753,-11.30993247
-0.2,0.15,647.6013496,1201.893269,78.69006753,-11.30993247
-0.2,0.16,649.6696434,1232.371916,78.69006753,-11.30993247
-0.2,0.17,651.7878435,1262.620123,78.69006753,-11.30993247
-0.2,0.18,653.9366311,1292.649524,78.69006753,-11.30993247
-0.2,0.19,656.0937377,1322.478417,78.69006753,-11.30993247
-0.2,0.2,658.2336306,1352.132812,78.69006753,-11.30993247
-0.2,0.21,660.3271811,1381.647599,78.69006753,-11.30993247
-0.2,0.22,662.3413146,1411.067826,78.69006753,-11.30993247
-0.19,-0.22,684.369953,15.92986601,79.24203291,-10.75796709
-0.19,-0.21,682.6394304,46.44502939,79.24203291,-10.75796709
-0.19,-0.2,680.8506777,77.03339585,79.24203291,-10.75796709
-0.19,-0.19,679.0337533,107.7360274,79.24203291,-10.75796709
-0.19,-0.18,677.215033,138.5841749,79.24203291,-10.75796709
-0.19,-0.17,675.4175431,169.6005441,79.24203291,-10.75796709
-0.19,-0.16,673.6612755,200.8004414,79.24203291,-10.75796709
-0.19,-0.15,671.9634858,232.192808,79.24203291,-10.75796709
-0.19,-0.14,670.3389751,263.7811463,79.24203291,-10.75796709
-0.19,-0.13,668.8003535,295.5643464,79.24203291,-10.75796709
-0.19,-0.12,667.3582877,327.537418,79.24203291,-10.75796709
-0.19,-0.11,666.0217311,359.6921351,79.24203291,-10.75796709
-0.19,-0.1,664.7981364,392.0175987,79.24203291,-10.75796709
-0.19,-0.09,663.6936526,424.5007238,79.24203291,-10.75796709
-0.19,-0.08,662.7133027,457.1266583,79.24203291,-10.75796709
-0.19,-0.07,661.8611467,489.8791383,79.24203291,-10.75796709
-0.19,-0.06,661.1404259,522.7407872,79.24203291,-10.75796709
-0.19,-0.05,660.553691,555.693365,79.24203291,-10.75796709
-0.19,-0.04,660.1029126,588.7179727,79.24203291,-10.75796709
-0.19,-0.03,659.7895755,621.7952199,79.24203291,-10.75796709
-0.19,-0.02,659.6147547,654.9053611,79.24203291,-10.75796709
-0.19,-0.01,659.5791756,688.0284058,79.24203291,-10.75796709
-0.19,0,659.6832562,721.144211,79.24203291,-10.75796709
-0.19,0.01,659.9271333,754.2325606,79.24203291,-10.75796709
-0.19,0.02,660.3106701,787.2732385,79.24203291,-10.75796709
-0.19,0.03,660.8334487,820.2461015,79.24203291,-10.75796709
-0.19,0.04,661.4947435,853.1311595,79.24203291,-10.75796709
-0.19,0.05,662.2934796,885.9086666,79.24203291,-10.75796709
-0.19,0.06,663.2281722,918.5592326,79.24203291,-10.75796709
-0.19,0.07,664.2968507,951.0639585,79.24203291,-10.75796709
-0.19,0.08,665.4969645,983.4046042,79.24203291,-10.75796709
-0.19,0.09,666.8252721,1015.563793,79.24203291,-10.75796709
-0.19,0.1,668.2777137,1047.525262,79.24203291,-10.75796709
-0.19,0.11,669.849266,1079.274157,79.24203291,-10.75796709
-0.19,0.12,671.5337804,1110.797395,79.24203291,-10.75796709
-0.19,0.13,673.3238039,1142.084076,79.24203291,-10.75796709
-0.19,0.14,675.2103832,1173.125975,79.24203291,-10.75796709
-0.19,0.15,677.1828517,1203.9181,79.24203291,-10.75796709
-0.19,0.16,679.228599,1234.459343,79.24203291,-10.75796709
-0.19,0.17,681.3328244,1264.753204,79.24203291,-10.75796709
-0.19,0.18,683.478272,1294.808627,79.24203291,-10.75796709
-0.19,0.19,685.64495,1324.640917,79.24203291,-10.75796709
-0.19,0.2,687.8098322,1354.272779,79.24203291,-10.75796709
-0.19,0.21,689.9465426,1383.735465,79.24203291,-10.75796709
-0.19,0.22,692.025023,1413.070037,79.24203291,-10.75796709
-0.18,-0.22,714.5782014,14.20720969,79.79602628,-10.20397372
-0.18,-0.21,712.7966281,44.65794839,79.79602628,-10.20397372
-0.18,-0.2,710.9750742,75.21240074,79.79602628,-10.20397372
-0.18,-0.19,709.1407908,105.9079089,79.79602628,-10.20397372
-0.18,-0.18,707.3176007,136.7723357,79.79602628,-10.20397372
-0.18,-0.17,705.5262128,167.8253138,79.79602628,-10.20397372
-0.18,-0.16,703.7845214,199.0793753,79.79602628,-10.20397372
-0.18,-0.15,702.1078881,230.5409691,79.79602628,-10.20397372
-0.18,-0.14,700.5094086,262.2113705,79.79602628,-10.20397372
-0.18,-0.13,699.0001632,294.0874914,79.79602628,-10.20397372
-0.18,-0.12,697.5894505,326.1625957,79.79602628,-10.20397372
-0.18,-0.11,696.2850059,358.4269271,79.79602628,-10.20397372
-0.18,-0.1,695.0932029,390.8682552,79.79602628,-10.20397372
-0.18,-0.09,694.0192391,423.4723464,79.79602628,-10.20397372
-0.18,-0.08,693.0673059,456.2233657,79.79602628,-10.20397372
-0.18,-0.07,692.2407417,489.1042154,79.79602628,-10.20397372
-0.18,-0.06,691.542169,522.0968182,79.79602628,-10.20397372
-0.18,-0.05,690.9736158,555.1823492,79.79602628,-10.20397372
-0.18,-0.04,690.5366207,588.341424,79.79602628,-10.20397372
-0.18,-0.03,690.2323212,621.5542502,79.79602628,-10.20397372
-0.18,-0.02,690.0615267,654.800746,79.79602628,-10.20397372
-0.18,-0.01,690.0247751,688.0606348,79.79602628,-10.20397372
-0.18,0,690.1223727,721.3135207,79.79602628,-10.20397372
-0.18,0.01,690.3544192,754.5389509,79.79602628,-10.20397372
-0.18,0.02,690.720815,787.7164728,79.79602628,-10.20397372
-0.18,0.03,691.2212537,820.8256905,79.79602628,-10.20397372
-0.18,0.04,691.8551974,853.8463274,79.79602628,-10.20397372
-0.18,0.05,692.6218366,886.7583017,79.79602628,-10.20397372
-0.18,0.06,693.5200339,919.5418209,79.79602628,-10.20397372
-0.18,0.07,694.5482508,952.1775007,79.79602628,-10.20397372
-0.18,0.08,695.7044592,984.6465161,79.79602628,-10.20397372
-0.18,0.09,696.9860365,1016.93079,79.79602628,-10.20397372
-0.18,0.1,698.3896445,1049.013224,79.79602628,-10.20397372
-0.18,0.11,699.9110917,1080.877985,79.79602628,-10.20397372
-0.18,0.12,701.5451805,1112.510837,79.79602628,-10.20397372
-0.18,0.13,703.2855372,1143.899551,79.79602628,-10.20397372
-0.18,0.14,705.1244268,1175.03437,79.79602628,-10.20397372
-0.18,0.15,707.0525504,1205.908558,79.79602628,-10.20397372
-0.18,0.16,709.0588279,1236.519028,79.79602628,-10.20397372
-0.18,0.17,711.1301635,1266.867054,79.79602628,-10.20397372
-0.18,0.18,713.2511955,1296.959086,79.79602628,-10.20397372
-0.18,0.19,715.4040298,1326.807654,79.79602628,-10.20397372
-0.18,0.2,717.5679573,1356.432394,79.79602628,-10.20397372
-0.18,0.21,719.7191555,1385.861166,79.79602628,-10.20397372
-0.18,0.22,721.8303729,1415.131313,79.79602628,-10.20397372
-0.17,-0.22,744.9414715,12.438321,80.35195468,-9.648045316
-0.17,-0.21,743.1366528,42.84295286,80.35195468,-9.648045316
-0.17,-0.2,741.3074191,73.37897352,80.35195468,-9.648045316
-0.17,-0.19,739.4784134,104.0802628,80.35195468,-9.648045316
-0.17,-0.18,737.6710941,134.9715351,80.35195468,-9.648045316
-0.17,-0.17,735.9040321,166.0695726,80.35195468,-9.648045316
-0.17,-0.16,734.1931934,197.3843397,80.35195468,-9.648045316
-0.17,-0.15,732.5522054,228.9199838,80.35195468,-9.648045316
-0.17,-0.14,730.992609,260.6757305,80.35195468,-9.648045316
-0.17,-0.13,729.524095,292.6466766,80.35195468,-9.648045316
-0.17,-0.12,728.1547247,324.8244912,80.35195468,-9.648045316
-0.17,-0.11,726.8911365,357.1980268,80.35195468,-9.648045316
-0.17,-0.1,725.7387361,389.7538501,80.35195468,-9.648045316
-0.17,-0.09,724.7018717,422.4766975,80.35195468,-9.648045316
-0.17,-0.08,723.783995,455.3498604,80.35195468,-9.648045316
-0.17,-0.07,722.9878049,488.3555095,80.35195468,-9.648045316
-0.17,-0.06,722.3153781,521.4749606,80.35195468,-9.648045316
-0.17,-0.05,721.768283,554.6888921,80.35195468,-9.648045316
-0.17,-0.04,721.347679,587.9775174,80.35195468,-9.648045316
-0.17,-0.03,721.0544002,621.3207196,80.35195468,-9.648045316
-0.17,-0.02,720.8890243,654.6981558,80.35195468,-9.648045316
-0.17,-0.01,720.8519258,688.089335,80.35195468,-9.648045316
-0.17,0,720.943314,721.4736784,80.35195468,-9.648045316
-0.17,0.01,721.1632564,754.8305662,80.35195468,-9.648045316
-0.17,0.02,721.5116855,788.1393786,80.35195468,-9.648045316
-0.17,0.03,721.988392,821.3795367,80.35195468,-9.648045316
-0.17,0.04,722.5930013,854.5305496,80.35195468,-9.648045316
-0.17,0.05,723.324936,887.5720743,80.35195468,-9.648045316
-0.17,0.06,724.1833616,920.483994,80.35195468,-9.648045316
-0.17,0.07,725.167119,953.2465221,80.35195468,-9.648045316
-0.17,0.08,726.2746397,985.8403369,80.35195468,-9.648045316
-0.17,0.09,727.5038471,1018.246754,80.35195468,-9.648045316
-0.17,0.1,728.852042,1050.447945,80.35195468,-9.648045316
-0.17,0.11,730.3157731,1082.4272,80.35195468,-9.648045316
-0.17,0.12,731.8906919,1114.169257,80.35195468,-9.648045316
-0.17,0.13,733.5713927,1145.660681,80.35195468,-9.648045316
-0.17,0.14,735.3512374,1176.890325,80.35195468,-9.648045316
-0.17,0.15,737.2221643,1207.849859,80.35195468,-9.648045316
-0.17,0.16,739.1744829,1238.534379,80.35195468,-9.648045316
-0.17,0.17,741.1966522,1268.943111,80.35195468,-9.648045316
-0.17,0.18,743.2750448,1299.080202,80.35195468,-9.648045316
-0.17,0.19,745.3936947,1328.955616,80.35195468,-9.648045316
-0.17,0.2,747.534031,1358.586136,80.35195468,-9.648045316
-0.17,0.21,749.6745953,1387.996477,80.35195468,-9.648045316
-0.17,0.22,751.7907446,1417.220517,80.35195468,-9.648045316
-0.16,-0.22,775.4847473,10.65058198,80.90972308,-9.090276921
-0.16,-0.21,773.681031,41.02476333,80.90972308,-9.090276921
-0.16,-0.2,771.8660198,71.55537085,80.90972308,-9.090276921
-0.16,-0.19,770.0619361,102.2730702,80.90972308,-9.090276921
-0.16,-0.18,768.2880522,133.1996575,80.90972308,-9.090276921
-0.16,-0.17,766.5609706,164.3492778,80.90972308,-9.090276921
-0.16,-0.16,764.8948889,195.7295246,80.90972308,-9.090276921
-0.16,-0.15,763.3018514,227.342426,80.90972308,-9.090276921
-0.16,-0.14,761.7919862,259.1853247,80.90972308,-9.090276921
-0.16,-0.13,760.3737268,291.2516571,80.90972308,-9.090276921
-0.16,-0.12,759.0540211,323.5316383,80.90972308,-9.090276921
-0.16,-0.11,757.8385249,356.0128598,80.90972308,-9.090276921
-0.16,-0.1,756.731781,388.6808044,80.90972308,-9.090276921
-0.16,-0.09,755.7373848,421.5192875,80.90972308,-9.090276921
-0.16,-0.08,754.8581346,454.5108275,80.90972308,-9.090276921
-0.16,-0.07,754.0961682,487.636955,80.90972308,-9.090276921
-0.16,-0.06,753.4530848,520.8784644,80.90972308,-9.090276921
-0.16,-0.05,752.9300526,554.215616,80.90972308,-9.090276921
-0.16,-0.04,752.5279023,587.6282939,80.90972308,-9.090276921
-0.16,-0.03,752.2472058,621.096126,80.90972308,-9.090276921
-0.16,-0.02,752.0883411,654.5985732,80.90972308,-9.090276921
-0.16,-0.01,752.0515421,688.114993,80.90972308,-9.090276921
-0.16,0,752.1369349,721.6246843,80.90972308,-9.090276921
-0.16,0.01,752.3445591,755.10692,80.90972308,-9.090276921
-0.16,0.02,752.6743751,788.5409729,80.90972308,-9.090276921
-0.16,0.03,753.1262569,821.9061421,80.90972308,-9.090276921
-0.16,0.04,753.6999704,855.1817849,80.90972308,-9.090276921
-0.16,0.05,754.3951377,888.3473622,80.90972308,-9.090276921
-0.16,0.06,755.2111869,921.382502,80.90972308,-9.090276921
-0.16,0.07,756.1472874,954.2670884,80.90972308,-9.090276921
-0.16,0.08,757.2022708,986.9813816,80.90972308,-9.090276921
-0.16,0.09,758.374538,1019.506176,80.90972308,-9.090276921
-0.16,0.1,759.6619513,1051.823002,80.90972308,-9.090276921
-0.16,0.11,761.0617122,1083.914379,80.90972308,-9.090276921
-0.16,0.12,762.5702255,1115.764121,80.90972308,-9.090276921
-0.16,0.13,764.1829482,1147.357712,80.90972308,-9.090276921
-0.16,0.14,765.8942246,1178.682743,80.90972308,-9.090276921
-0.16,0.15,767.6971069,1209.729429,80.90972308,-9.090276921
-0.16,0.16,769.5831613,1240.491206,80.90972308,-9.090276921
-0.16,0.17,771.5422601,1270.965417,80.90972308,-9.090276921
-0.16,0.18,773.5623588,1301.154091,80.90972308,-9.090276921
-0.16,0.19,775.6292596,1331.06482,80.90972308,-9.090276921
-0.16,0.2,777.7263604,1360.711751,80.90972308,-9.090276921
-0.16,0.21,779.8343887,1390.116678,80.90972308,-9.090276921
-0.16,0.22,781.9311219,1419.310268,80.90972308,-9.090276921
-0.15,-0.22,806.225706,8.867965618,81.46923439,-8.53076561
-0.15,-0.21,804.4443104,39.22492716,81.46923439,-8.53076561
-0.15,-0.2,802.6625172,69.7609009,81.46923439,-8.53076561
-0.15,-0.19,800.9003046,100.5035776,81.46923439,-8.53076561
-0.15,-0.18,799.1749273,131.4720565,81.46923439,-8.53076561
-0.15,-0.17,797.501178,162.6780497,81.46923439,-8.53076561
-0.15,-0.16,795.8916372,194.126968,81.46923439,-8.53076561
-0.15,-0.15,794.356908,225.8188931,81.46923439,-8.53076561
-0.15,-0.14,792.9058389,257.7494436,81.46923439,-8.53076561
-0.15,-0.13,791.5457315,289.9105402,81.46923439,-8.53076561
-0.15,-0.12,790.2825363,322.2910771,81.46923439,-8.53076561
-0.15,-0.11,789.121034,354.8775052,81.46923439,-8.53076561
-0.15,-0.1,788.065004,387.654334,81.46923439,-8.53076561
-0.15,-0.09,787.1173788,420.6045578,81.46923439,-8.53076561
-0.15,-0.08,786.2803855,453.7100135,81.46923439,-8.53076561
-0.15,-0.07,785.5556738,486.9516749,81.46923439,-8.53076561
-0.15,-0.06,784.9444299,520.309891,81.46923439,-8.53076561
-0.15,-0.05,784.4474781,553.7645739,81.46923439,-8.53076561
-0.15,-0.04,784.0653676,587.2953428,81.46923439,-8.53076561
-0.15,-0.03,783.7984469,620.8816303,81.46923439,-8.53076561
-0.15,-0.02,783.6469242,654.5027576,81.46923439,-8.53076561
-0.15,-0.01,783.6109146,688.137984,81.46923439,-8.53076561
-0.15,0,783.6904738,721.7665383,81.46923439,-8.53076561
-0.15,0.01,783.8856181,755.367637,81.46923439,-8.53076561
-0.15,0.02,784.1963311,788.9204966,81.46923439,-8.53076561
-0.15,0.03,784.6225572,822.4043458,81.46923439,-8.53076561
-0.15,0.04,785.1641815,855.798444,81.46923439,-8.53076561
-0.15,0.05,785.8209954,889.0821123,81.46923439,-8.53076561
-0.15,0.06,786.5926507,922.2347834,81.46923439,-8.53076561
-0.15,0.07,787.478598,955.2360765,81.46923439,-8.53076561
-0.15,0.08,788.4780132,988.0659036,81.46923439,-8.53076561
-0.15,0.09,789.5897099,1020.704614,81.46923439,-8.53076561
-0.15,0.1,790.8120386,1053.133181,81.46923439,-8.53076561
-0.15,0.11,792.1427722,1085.333442,81.46923439,-8.53076561
-0.15,0.12,793.5789779,1117.288391,81.46923439,-8.53076561
-0.15,0.13,795.1168766,1148.982537,81.46923439,-8.53076561
-0.15,0.14,796.7516874,1180.402332,81.46923439,-8.53076561
-0.15,0.15,798.47746,1211.53667,81.46923439,-8.53076561
-0.15,0.16,800.2868926,1242.377471,81.46923439,-8.53076561
-0.15,0.17,802.1711369,1272.920353,81.46923439,-8.53076561
-0.15,0.18,804.1195896,1303.1654,81.46923439,-8.53076561
-0.15,0.19,806.1196705,1333.118021,81.46923439,-8.53076561
-0.15,0.2,808.1565865,1362.789929,81.46923439,-8.53076561
-0.15,0.21,810.2130832,1392.200222,81.46923439,-8.53076561
-0.15,0.22,812.2691823,1421.376592,81.46923439,-8.53076561
-0.14,-0.22,837.1757005,7.111361329,82.03038961,-7.969610394
-0.14,-0.21,835.4350228,37.46212929,82.03038961,-7.969610394
-0.14,-0.2,833.7028305,68.01221923,82.03038961,-7.969610394
-0.14,-0.19,831.9970234,98.78657801,82.03038961,-7.969610394
-0.14,-0.18,830.3329953,129.8018208,82.03038961,-7.969610394
-0.14,-0.17,828.7238793,161.067423,82.03038961,-7.969610394
-0.14,-0.16,827.1807795,192.5867923,82.03038961,-7.969610394
-0.14,-0.15,825.7129914,224.3582287,82.03038961,-7.969610394
-0.14,-0.14,824.3282088,256.3757768,82.03038961,-7.969610394
-0.14,-0.13,823.0327186,288.6299786,82.03038961,-7.969610394
-0.14,-0.12,821.8315827,321.1085314,82.03038961,-7.969610394
-0.14,-0.11,820.728808,353.7968584,82.03038961,-7.969610394
-0.14,-0.1,819.7275029,386.6785971,82.03038961,-7.969610394
-0.14,-0.09,818.8300221,419.7360132,82.03038961,-7.969610394
-0.14,-0.08,818.0380982,452.9503449,82.03038961,-7.969610394
-0.14,-0.07,817.3529612,486.302084,82.03038961,-7.969610394
-0.14,-0.06,816.7754453,519.7712019,82.03038961,-7.969610394
-0.14,-0.05,816.3060828,553.3373239,82.03038961,-7.969610394
-0.14,-0.04,815.9451861,586.9798605,82.03038961,-7.969610394
-0.14,-0.03,815.6929166,620.6781006,82.03038961,-7.969610394
-0.14,-0.02,815.5493411,654.4112736,82.03038961,-7.969610394
-0.14,-0.01,815.514476,688.1585863,82.03038961,-7.969610394
-0.14,0,815.5883186,721.8992405,82.03038961,-7.969610394
-0.14,0.01,815.7708659,755.6124391,82.03038961,-7.969610394
-0.14,0.02,816.0621209,789.2773849,82.03038961,-7.969610394
-0.14,0.03,816.4620863,822.8732798,82.03038961,-7.969610394
-0.14,0.04,816.9707458,856.3793306,82.03038961,-7.969610394
-0.14,0.05,817.5880323,889.7747667,82.03038961,-7.969610394
-0.14,0.06,818.3137847,923.0388769,82.03038961,-7.969610394
-0.14,0.07,819.1476906,956.1510717,82.03038961,-7.969610394
-0.14,0.08,820.0892174,989.0909766,82.03038961,-7.969610394
-0.14,0.09,821.1375312,1021.838563,82.03038961,-7.969610394
-0.14,0.1,822.2914019,1054.374322,82.03038961,-7.969610394
-0.14,0.11,823.5490969,1086.679493,82.03038961,-7.969610394
-0.14,0.12,824.9082615,1118.736341,82.03038961,-7.969610394
-0.14,0.13,826.3657873,1150.528503,82.03038961,-7.969610394
-0.14,0.14,827.9176674,1182.041403,82.03038961,-7.969610394
-0.14,0.15,829.5588399,1213.262738,82.03038961,-7.969610394
-0.14,0.16,831.2830179,1244.183051,82.03038961,-7.969610394
-0.14,0.17,833.0825076,1274.796385,82.03038961,-7.969610394
-0.14,0.18,834.9480135,1305.10104,82.03038961,-7.969610394
-0.14,0.19,836.8684315,1335.100425,82.03038961,-7.969610394
-0.14,0.2,838.8306285,1364.804015,82.03038961,-7.969610394
-0.14,0.21,840.8192108,1394.228424,82.03038961,-7.969610394
-0.14,0.22,842.8162784,1423.398601,82.03038961,-7.969610394
-0.13,-0.22,868.3406412,5.398880694,82.59308787,-7.406912128
-0.13,-0.21,866.656547,35.75248402,82.59308787,-7.406912128
-0.13,-0.2,864.988002,66.32360671,82.59308787,-7.406912128
-0.13,-0.19,863.3509817,97.13467479,82.59308787,-7.406912128
-0.13,-0.18,861.7591666,128.2000247,82.59308787,-7.406912128
-0.13,-0.17,860.2241689,159.527083,82.59308787,-7.406912128
-0.13,-0.16,858.7557487,191.1174267,82.59308787,-7.406912128
-0.13,-0.15,857.3620179,222.9677306,82.59308787,-7.406912128
-0.13,-0.14,856.0496327,255.0706079,82.59308787,-7.406912128
-0.13,-0.13,854.8239742,287.4153507,82.59308787,-7.406912128
-0.13,-0.12,853.6893179,319.9885759,82.59308787,-7.406912128
-0.13,-0.11,852.6489907,352.7747837,82.59308787,-7.406912128
-0.13,-0.1,851.7055169,385.7568339,82.59308787,-7.406912128
-0.13,-0.09,850.8607523,418.9163476,82.59308787,-7.406912128
-0.13,-0.08,850.1160068,452.2340392,82.59308787,-7.406912128
-0.13,-0.07,849.4721547,485.6899861,82.59308787,-7.406912128
-0.13,-0.06,848.9297345,519.2638417,82.59308787,-7.406912128
-0.13,-0.05,848.4890359,552.9349984,82.59308787,-7.406912128
-0.13,-0.04,848.1501756,586.6827062,82.59308787,-7.406912128
-0.13,-0.03,847.913162,620.486154,82.59308787,-7.406912128
-0.13,-0.02,847.7779467,654.3245198,82.59308787,-7.406912128
-0.13,-0.01,847.7444664,688.1769951,82.59308787,-7.406912128
-0.13,0,847.8126713,722.0227908,82.59308787,-7.406912128
-0.13,0.01,847.9825427,755.8411309,82.59308787,-7.406912128
-0.13,0.02,848.2540994,789.6112393,82.59308787,-7.406912128
-0.13,0.03,848.627391,823.312327,82.59308787,-7.406912128
-0.13,0.04,849.102481,856.9235855,82.59308787,-7.406912128
-0.13,0.05,849.6794176,890.4241927,82.59308787,-7.406912128
-0.13,0.06,850.3581925,923.7933376,82.59308787,-7.406912128
-0.13,0.07,851.1386891,957.0102702,82.59308787,-7.406912128
-0.13,0.08,852.0206175,990.0543828,82.59308787,-7.406912128
-0.13,0.09,853.0034394,1022.905329,82.59308787,-7.406912128
-0.13,0.1,854.0862803,1055.543186,82.59308787,-7.406912128
-0.13,0.11,855.2678304,1087.948668,82.59308787,-7.406912128
-0.13,0.12,856.5462339,1120.103397,82.59308787,-7.406912128
-0.13,0.13,857.9189666,1151.990232,82.59308787,-7.406912128
-0.13,0.14,859.3827014,1183.593673,82.59308787,-7.406912128
-0.13,0.15,860.933163,1214.900337,82.59308787,-7.406912128
-0.13,0.16,862.5649701,1245.899517,82.59308787,-7.406912128
-0.13,0.17,864.2714666,1276.583825,82.59308787,-7.406912128
-0.13,0.18,866.0445407,1306.949937,82.59308787,-7.406912128
-0.13,0.19,867.8744321,1336.999429,82.59308787,-7.406912128
-0.13,0.2,869.7495287,1366.739728,82.59308787,-7.406912128
-0.13,0.21,871.6561501,1396.18517,82.59308787,-7.406912128
-0.13,0.22,873.5783206,1425.358182,82.59308787,-7.406912128
-0.12,-0.22,899.7217837,3.74614349,83.15722659,-6.842773413
-0.12,-0.21,898.1078772,34.10980813,83.15722659,-6.842773413
-0.12,-0.2,896.5149465,64.70722959,83.15722659,-6.842773413
-0.12,-0.19,894.9571869,95.55852895,83.15722659,-6.842773413
-0.12,-0.18,893.4467014,126.6759619,83.15722659,-6.842773413
-0.12,-0.17,891.9937113,158.0650871,83.15722659,-6.842773413
-0.12,-0.16,890.6067548,189.7258154,83.15722659,-6.842773413
-0.12,-0.15,889.2928758,221.653346,83.15722659,-6.842773413
-0.12,-0.14,888.0578013,253.8389961,83.15722659,-6.842773413
-0.12,-0.13,886.9061083,286.2709294,83.15722659,-6.842773413
-0.12,-0.12,885.8413799,318.9347918,83.15722659,-6.842773413
-0.12,-0.11,884.8663509,351.8142578,83.15722659,-6.842773413
-0.12,-0.1,883.9830418,384.8914963,83.15722659,-6.842773413
-0.12,-0.09,883.192883,418.1475605,83.15722659,-6.842773413
-0.12,-0.08,882.4968281,451.5627094,83.15722659,-6.842773413
-0.12,-0.07,881.8954553,485.1166654,83.15722659,-6.842773413
-0.12,-0.06,881.3890598,518.7888169,83.15722659,-6.842773413
-0.12,-0.05,880.9777341,552.5583695,83.15722659,-6.842773413
-0.12,-0.04,880.661438,586.4044539,83.15722659,-6.842773413
-0.12,-0.03,880.440058,620.3061956,83.15722659,-6.842773413
-0.12,-0.02,880.3134553,654.242754,83.15722659,-6.842773413
-0.12,-0.01,880.2815042,688.1933357,83.15722659,-6.842773413
-0.12,0,880.3441183,722.1371892,83.15722659,-6.842773413
-0.12,0.01,880.501267,756.053587,83.15722659,-6.842773413
-0.12,0.02,880.7529809,789.9218019,83.15722659,-6.842773413
-0.12,0.03,881.0993463,823.7210822,83.15722659,-6.842773413
-0.12,0.04,881.5404891,857.4306346,83.15722659,-6.842773413
-0.12,0.05,882.076548,891.0296184,83.15722659,-6.842773413
-0.12,0.06,882.7076364,924.4971593,83.15722659,-6.842773413
-0.12,0.07,883.4337947,957.8123877,83.15722659,-6.842773413
-0.12,0.08,884.2549302,990.9545095,83.15722659,-6.842773413
-0.12,0.09,885.170748,1023.902913,83.15722659,-6.842773413
-0.12,0.1,886.1806695,1056.63732,83.15722659,-6.842773413
-0.12,0.11,887.2837414,1089.137991,83.15722659,-6.842773413
-0.12,0.12,888.4785332,1121.385978,83.15722659,-6.842773413
-0.12,0.13,889.7630243,1153.36345,83.15722659,-6.842773413
-0.12,0.14,891.1344801,1185.054081,83.15722659,-6.842773413
-0.12,0.15,892.5893174,1216.443518,83.15722659,-6.842773413
-0.12,0.16,894.1229592,1247.519925,83.15722659,-6.842773413
-0.12,0.17,895.7296784,1278.274618,83.15722659,-6.842773413
-0.12,0.18,897.4024313,1308.702796,83.15722659,-6.842773413
-0.12,0.19,899.1326795,1338.804371,83.15722659,-6.842773413
-0.12,0.2,900.910202,1368.584902,83.15722659,-6.842773413
-0.12,0.21,902.7228954,1398.056643,83.15722659,-6.842773413
-0.12,0.22,904.5565647,1427.239716,83.15722659,-6.842773413
-0.11,-0.22,931.316429,2.166543988,83.72270151,-6.27729849
-0.11,-0.21,929.7843032,32.54587496,83.72270151,-6.27729849
-0.11,-0.2,928.277114,63.17338155,83.72270151,-6.27729849
-0.11,-0.19,926.8074083,94.067089,83.72270151,-6.27729849
-0.11,-0.18,925.3858382,125.2373634,83.72270151,-6.27729849
-0.11,-0.17,924.021353,156.6880698,83.72270151,-6.27729849
-0.11,-0.16,922.7213824,188.4176109,83.72270151,-6.27729849
-0.11,-0.15,921.4920087,220.4198532,83.72270151,-6.27729849
-0.11,-0.14,920.3381299,252.684946,83.72270151,-6.27729849
-0.11,-0.13,919.2636124,285.20004,83.72270151,-6.27729849
-0.11,-0.12,918.2714346,317.9499122,83.72270151,-6.27729849
-0.11,-0.11,917.3638192,350.9175024,83.72270151,-6.27729849
-0.11,-0.1,916.5423577,384.0843686,83.72270151,-6.27729849
-0.11,-0.09,915.8081229,417.4310664,83.72270151,-6.27729849
-0.11,-0.08,915.1617732,450.9374601,83.72270151,-6.27729849
-0.11,-0.07,914.6036458,484.5829708,83.72270151,-6.27729849
-0.11,-0.06,914.133841,518.3467676,83.72270151,-6.27729849
-0.11,-0.05,913.7522961,552.2079091,83.72270151,-6.27729849
-0.11,-0.04,913.4588494,586.1454407,83.72270151,-6.27729849
-0.11,-0.03,913.2532947,620.1384547,83.72270151,-6.27729849
-0.11,-0.02,913.1354255,654.166118,83.72270151,-6.27729849
-0.11,-0.01,913.1050695,688.2076757,83.72270151,-6.27729849
-0.11,0,913.1621137,722.2424357,83.72270151,-6.27729849
-0.11,0.01,913.3065187,756.2497401,83.72270151,-6.27729849
-0.11,0.02,913.5383239,790.208931,83.72270151,-6.27729849
-0.11,0.03,913.8576423,824.0993161,83.72270151,-6.27729849
-0.11,0.04,914.2646463,857.9001408,83.72270151,-6.27729849
-0.11,0.05,914.7595421,891.5905719,83.72270151,-6.27729849
-0.11,0.06,915.3425362,925.1497016,83.72270151,-6.27729849
-0.11,0.07,916.0137902,958.5565754,83.72270151,-6.27729849
-0.11,0.08,916.7733668,991.7902518,83.72270151,-6.27729849
-0.11,0.09,917.6211658,1024.8299,83.72270151,-6.27729849
-0.11,0.1,918.5568498,1057.654941,83.72270151,-6.27729849
-0.11,0.11,919.5797605,1090.245239,83.72270151,-6.27729849
-0.11,0.12,920.6888251,1122.58135,83.72270151,-6.27729849
-0.11,0.13,921.8824522,1154.644832,83.72270151,-6.27729849
-0.11,0.14,923.1584188,1186.418624,83.72270151,-6.27729849
-0.11,0.15,924.5137468,1217.887504,83.72270151,-6.27729849
-0.11,0.16,925.9445697,1249.038622,83.72270151,-6.27729849
-0.11,0.17,927.4459895,1279.862128,83.72270151,-6.27729849
-0.11,0.18,929.0119239,1310.351888,83.72270151,-6.27729849
-0.11,0.19,930.6349433,1340.506305,83.72270151,-6.27729849
-0.11,0.2,932.3060982,1370.329243,83.72270151,-6.27729849
-0.11,0.21,934.0147366,1399.831069,83.72270151,-6.27729849
-0.11,0.22,935.7483116,1429.029809,83.72270151,-6.27729849
-0.1,-0.22,963.1185413,0.671497528,84.28940686,-5.710593137
-0.1,-0.21,961.67801,31.07064989,84.28940686,-5.710593137
-0.1,-0.2,960.2650699,61.73070788,84.28940686,-5.710593137
-0.1,-0.19,958.8907412,92.6678039,84.28940686,-5.710593137
-0.1,-0.18,957.5643399,123.8905995,84.28940686,-5.710593137
-0.1,-0.17,956.2936536,155.4014339,84.28940686,-5.710593137
-0.1,-0.16,955.0851067,187.1973538,84.28940686,-5.710593137
-0.1,-0.15,953.9439177,219.2710295,84.28940686,-5.710593137
-0.1,-0.14,952.8742474,251.6115645,84.28940686,-5.710593137
-0.1,-0.13,951.8793375,284.2052054,84.28940686,-5.710593137
-0.1,-0.12,950.9616411,317.0359567,84.28940686,-5.710593137
-0.1,-0.11,950.1229438,350.086108,84.28940686,-5.710593137
-0.1,-0.1,949.3644753,383.3366802,84.28940686,-5.710593137
-0.1,-0.09,948.6870134,416.7677951,84.28940686,-5.710593137
-0.1,-0.08,948.0909774,450.3589779,84.28940686,-5.710593137
-0.1,-0.07,947.5765139,484.0893948,84.28940686,-5.710593137
-0.1,-0.06,947.1435727,517.9380354,84.28940686,-5.710593137
-0.1,-0.05,946.7919744,551.883845,84.28940686,-5.710593137
-0.1,-0.04,946.5214684,585.9058121,84.28940686,-5.710593137
-0.1,-0.03,946.3317824,619.9830187,84.28940686,-5.710593137
-0.1,-0.02,946.2226627,654.0946596,84.28940686,-5.710593137
-0.1,-0.01,946.1939057,688.220036,84.28940686,-5.710593137
-0.1,0,946.2453804,722.3385304,84.28940686,-5.710593137
-0.1,0.01,946.3770414,756.4295691,84.28940686,-5.710593137
-0.1,0.02,946.588934,790.4725787,84.28940686,-5.710593137
-0.1,0.03,946.8811893,824.4469415,84.28940686,-5.710593137
-0.1,0.04,947.254011,858.3319588,84.28940686,-5.710593137
-0.1,0.05,947.7076527,892.1068253,84.28940686,-5.710593137
-0.1,0.06,948.2423866,925.7506231,84.28940686,-5.710593137
-0.1,0.07,948.8584634,959.2423407,84.28940686,-5.710593137
-0.1,0.08,949.5560625,992.5609233,84.28940686,-5.710593137
-0.1,0.09,950.3352342,1025.685361,84.28940686,-5.710593137
-0.1,0.1,951.1958318,1058.594819,84.28940686,-5.710593137
-0.1,0.11,952.1374359,1091.268823,84.28940686,-5.710593137
-0.1,0.12,953.1592689,1123.687495,84.28940686,-5.710593137
-0.1,0.13,954.2601009,1155.831856,84.28940686,-5.710593137
-0.1,0.14,955.4381464,1187.684195,84.28940686,-5.710593137
-0.1,0.15,956.6909524,1219.228517,84.28940686,-5.710593137
-0.1,0.16,958.015277,1250.451069,84.28940686,-5.710593137
-0.1,0.17,959.4069596,1281.340953,84.28940686,-5.710593137
-0.1,0.18,960.8607815,1311.890841,84.28940686,-5.710593137
-0.1,0.19,962.3703184,1342.097779,84.28940686,-5.710593137
-0.1,0.2,963.9277828,1371.964106,84.28940686,-5.710593137
-0.1,0.21,965.5238585,1401.498484,84.28940686,-5.710593137
-0.1,0.22,967.1475254,1430.717044,84.28940686,-5.710593137
-0.09,-0.21,993.7786008,29.69250678,84.85723544,-5.142764558
-0.09,-0.2,992.4670004,60.3864117,84.85723544,-5.142764558
-0.09,-0.19,991.1940935,91.36681899,84.85723544,-5.142764558
-0.09,-0.18,989.9679655,122.640865,84.85723544,-5.142764558
-0.09,-0.17,988.7953412,154.2095257,84.85723544,-5.142764558
-0.09,-0.16,987.6817343,186.0686376,84.85723544,-5.142764558
-0.09,-0.15,986.6315882,218.2098057,84.85723544,-5.142764558
-0.09,-0.14,985.6484099,250.621205,84.85723544,-5.142764558
-0.09,-0.13,984.7348945,283.2882805,84.85723544,-5.142764558
-0.09,-0.12,983.8930428,316.194355,84.85723544,-5.142764558
-0.09,-0.11,983.1242698,349.321147,84.85723544,-5.142764558
-0.09,-0.1,982.4295061,382.6492081,84.85723544,-5.142764558
-0.09,-0.09,981.8092904,416.1582853,84.85723544,-5.142764558
-0.09,-0.08,981.2638545,449.8276134,84.85723544,-5.142764558
-0.09,-0.07,980.7931999,483.6361453,84.85723544,-5.142764558
-0.09,-0.06,980.3971664,517.5627253,84.85723544,-5.142764558
-0.09,-0.05,980.0754927,551.586213,84.85723544,-5.142764558
-0.09,-0.04,979.827869,585.6855624,84.85723544,-5.142764558
-0.09,-0.03,979.6539812,619.8398636,84.85723544,-5.142764558
-0.09,-0.02,979.5535473,654.0283535,84.85723544,-5.142764558
-0.09,-0.01,979.5263456,688.230401,84.85723544,-5.142764558
-0.09,0,979.5722352,722.4254732,84.85723544,-5.142764558
-0.09,0.01,979.6911677,756.5930897,84.85723544,-5.142764558
-0.09,0.02,979.8831914,790.7127703,84.85723544,-5.142764558
-0.09,0.03,980.1484474,824.7639822,84.85723544,-5.142764558
-0.09,0.04,980.4871573,858.726094,84.85723544,-5.142764558
-0.09,0.05,980.8996031,892.5783429,84.85723544,-5.142764558
-0.09,0.06,981.3860988,926.2998188,84.85723544,-5.142764558
-0.09,0.07,981.9469544,959.8694758,84.85723544,-5.142764558
-0.09,0.08,982.5824311,993.2661734,84.85723544,-5.142764558
-0.09,0.09,983.2926891,1026.468756,84.85723544,-5.142764558
-0.09,0.1,984.0777269,1059.456176,84.85723544,-5.142764558
-0.09,0.11,984.9373127,1092.20767,84.85723544,-5.142764558
-0.09,0.12,985.8709077,1124.702982,84.85723544,-5.142764558
-0.09,0.13,986.8775816,1156.922666,84.85723544,-5.142764558
-0.09,0.14,987.955919,1188.84844,84.85723544,-5.142764558
-0.09,0.15,989.1039194,1220.463627,84.85723544,-5.142764558
-0.09,0.16,990.3188875,1251.753671,84.85723544,-5.142764558
-0.09,0.17,991.5973166,1282.706747,84.85723544,-5.142764558
-0.09,0.18,992.9347629,1313.314461,84.85723544,-5.142764558
-0.09,0.19,994.325713,1343.572649,84.85723544,-5.142764558
-0.09,0.2,995.763442,1373.482288,84.85723544,-5.142764558
-0.09,0.21,997.2398644,1403.050512,84.85723544,-5.142764558
-0.09,0.22,998.7453767,1432.29176,84.85723544,-5.142764558
-0.08,-0.21,1026.073552,28.41842574,85.42607874,-4.57392126
-0.08,-0.2,1024.869148,59.14644226,85.42607874,-4.57392126
-0.08,-0.19,1023.702605,90.16915488,85.42607874,-4.57392126
-0.08,-0.18,1022.580871,121.492349,85.42607874,-4.57392126
-0.08,-0.17,1021.509698,153.1157945,85.42607874,-4.57392126
-0.08,-0.16,1020.493774,185.0342589,85.42607874,-4.57392126
-0.08,-0.15,1019.536847,217.238408,85.42607874,-4.57392126
-0.08,-0.14,1018.641845,249.7155991,85.42607874,-4.57392126
-0.08,-0.13,1017.810988,282.4505744,85.42607874,-4.57392126
-0.08,-0.12,1017.045888,315.42606,85.42607874,-4.57392126
-0.08,-0.11,1016.347651,348.6232771,85.42607874,-4.57392126
-0.08,-0.1,1015.716964,382.0223717,85.42607874,-4.57392126
-0.08,-0.09,1015.154178,415.6027686,85.42607874,-4.57392126
-0.08,-0.08,1014.659382,449.3434566,85.42607874,-4.57392126
-0.08,-0.07,1014.232475,483.2232116,85.42607874,-4.57392126
-0.08,-0.06,1013.873223,517.2207615,85.42607874,-4.57392126
-0.08,-0.05,1013.581313,551.3149032,85.42607874,-4.57392126
-0.08,-0.04,1013.356404,585.4845732,85.42607874,-4.57392126
-0.08,-0.03,1013.198162,619.7088827,85.42607874,-4.57392126
-0.08,-0.02,1013.106292,653.9671201,85.42607874,-4.57392126
-0.08,-0.01,1013.080568,688.2387283,85.42607874,-4.57392126
-0.08,0,1013.120846,722.5032641,85.42607874,-4.57392126
-0.08,0.01,1013.227077,756.7403443,85.42607874,-4.57392126
-0.08,0.02,1013.399309,790.9295856,85.42607874,-4.57392126
-0.08,0.03,1013.637687,825.0505449,85.42607874,-4.57392126
-0.08,0.04,1013.942439,859.0826651,85.42607874,-4.57392126
-0.08,0.05,1014.313856,893.0052345,85.42607874,-4.57392126
-0.08,0.06,1014.752274,926.7973644,85.42607874,-4.57392126
-0.08,0.07,1015.258035,960.4379913,85.42607874,-4.57392126
-0.08,0.08,1015.83145,993.905912,85.42607874,-4.57392126
-0.08,0.09,1016.472754,1027.179855,85.42607874,-4.57392126
-0.08,0.1,1017.182049,1060.238595,85.42607874,-4.57392126
-0.08,0.11,1017.959244,1093.061121,85.42607874,-4.57392126
-0.08,0.12,1018.80399,1125.626859,85.42607874,-4.57392126
-0.08,0.13,1019.715598,1157.915954,85.42607874,-4.57392126
-0.08,0.14,1020.692965,1189.909628,85.42607874,-4.57392126
-0.08,0.15,1021.734475,1221.590606,85.42607874,-4.57392126
-0.08,0.16,1022.837911,1252.943631,85.42607874,-4.57392126
-0.08,0.17,1024.000343,1283.95606,85.42607874,-4.57392126
-0.08,0.18,1025.218025,1314.618559,85.42607874,-4.57392126
-0.08,0.19,1026.486267,1344.925895,85.42607874,-4.57392126
-0.08,0.2,1027.799319,1374.877839,85.42607874,-4.57392126
-0.08,0.21,1029.15023,1404.480175,85.42607874,-4.57392126
-0.08,0.22,1030.530716,1433.745837,85.42607874,-4.57392126
-0.07,-0.21,1058.548603,27.25417198,85.99582706,-4.004172941
-0.07,-0.2,1057.456187,58.01566529,85.99582706,-4.004172941
-0.07,-0.19,1056.400004,89.07886925,85.99582706,-4.004172941
-0.07,-0.18,1055.38595,120.448388,85.99582706,-4.004172941
-0.07,-0.17,1054.418886,152.122938,85.99582706,-4.004172941
-0.07,-0.16,1053.502747,184.0963545,85.99582706,-4.004172941
-0.07,-0.15,1052.640658,216.3584849,85.99582706,-4.004172941
-0.07,-0.14,1051.835036,248.8959762,85.99582706,-4.004172941
-0.07,-0.13,1051.087684,281.6929609,85.99582706,-4.004172941
-0.07,-0.12,1050.399888,314.7316497,85.99582706,-4.004172941
-0.07,-0.11,1049.772497,347.9928357,85.99582706,-4.004172941
-0.07,-0.1,1049.206004,381.4563174,85.99582706,-4.004172941
-0.07,-0.09,1048.700616,415.1012463,85.99582706,-4.004172941
-0.07,-0.08,1048.256325,448.9064052,85.99582706,-4.004172941
-0.07,-0.07,1047.872958,482.8504241,85.99582706,-4.004172941
-0.07,-0.06,1047.550242,516.9119394,85.99582706,-4.004172941
-0.07,-0.05,1047.287843,551.0697029,85.99582706,-4.004172941
-0.07,-0.04,1047.085408,585.302647,85.99582706,-4.004172941
-0.07,-0.03,1046.942604,619.5899119,85.99582706,-4.004172941
-0.07,-0.02,1046.85914,653.9108422,85.99582706,-4.004172941
-0.07,-0.01,1046.834794,688.2449571,85.99582706,-4.004172941
-0.07,0,1046.869426,722.5719031,85.99582706,-4.004172941
-0.07,0.01,1046.962989,756.8713936,85.99582706,-4.004172941
-0.07,0.02,1047.11553,791.1231416,85.99582706,-4.004172941
-0.07,0.03,1047.327189,825.3067938,85.99582706,-4.004172941
-0.07,0.04,1047.598188,859.4018694,85.99582706,-4.004172941
-0.07,0.05,1047.928818,893.3877129,85.99582706,-4.004172941
-0.07,0.06,1048.319412,927.2434646,85.99582706,-4.004172941
-0.07,0.07,1048.770323,960.9480569,85.99582706,-4.004172941
-0.07,0.08,1049.281884,994.4802415,85.99582706,-4.004172941
-0.07,0.09,1049.854371,1027.818655,85.99582706,-4.004172941
-0.07,0.1,1050.487953,1060.941927,85.99582706,-4.004172941
-0.07,0.11,1051.182641,1093.828841,85.99582706,-4.004172941
-0.07,0.12,1051.938227,1126.458548,85.99582706,-4.004172941
-0.07,0.13,1052.754218,1158.810846,85.99582706,-4.004172941
-0.07,0.14,1053.629765,1190.866529,85.99582706,-4.004172941
-0.07,0.15,1054.563583,1222.607807,85.99582706,-4.004172941
-0.07,0.16,1055.553866,1254.018814,85.99582706,-4.004172941
-0.07,0.17,1056.5982,1285.086195,85.99582706,-4.004172941
-0.07,0.18,1057.69346,1315.799798,85.99582706,-4.004172941
-0.07,0.19,1058.835708,1346.153459,85.99582706,-4.004172941
-0.07,0.2,1060.020086,1376.145894,85.99582706,-4.004172941
-0.07,0.21,1061.240697,1405.781707,85.99582706,-4.004172941
-0.07,0.22,1062.490485,1435.072516,85.99582706,-4.004172941
-0.06,-0.21,1091.188096,26.20445588,86.56636964,-3.433630362
-0.06,-0.2,1090.211536,56.99801543,86.56636964,-3.433630362
-0.06,-0.19,1089.268903,88.09920172,86.56636964,-3.433630362
-0.06,-0.18,1088.365116,119.5116034,86.56636964,-3.433630362
-0.06,-0.17,1087.50421,151.2330319,86.56636964,-3.433630362
-0.06,-0.16,1086.689437,183.2565227,86.56636964,-3.433630362
-0.06,-0.15,1085.92336,215.5712223,86.56636964,-3.433630362
-0.06,-0.14,1085.207941,248.16317,86.56636964,-3.433630362
-0.06,-0.13,1084.544625,281.0159783,86.56636964,-3.433630362
-0.06,-0.12,1083.93442,314.1114191,86.56636964,-3.433630362
-0.06,-0.11,1083.377965,347.4299229,86.56636964,-3.433630362
-0.06,-0.1,1082.875604,380.9509951,86.56636964,-3.433630362
-0.06,-0.09,1082.42744,414.6535585,86.56636964,-3.433630362
-0.06,-0.08,1082.033399,448.5162255,86.56636964,-3.433630362
-0.06,-0.07,1081.693274,482.5175078,86.56636964,-3.433630362
-0.06,-0.06,1081.406778,516.6359706,86.56636964,-3.433630362
-0.06,-0.05,1081.17358,550.850335,86.56636964,-3.433630362
-0.06,-0.04,1080.993339,585.1395377,86.56636964,-3.433630362
-0.06,-0.03,1080.865736,619.4827526,86.56636964,-3.433630362
-0.06,-0.02,1080.7905,653.8593807,86.56636964,-3.433630362
-0.06,-0.01,1080.767422,688.2490158,86.56636964,-3.433630362
-0.06,0,1080.796371,722.6313903,86.56636964,-3.433630362
-0.06,0.01,1080.877303,756.9863092,86.56636964,-3.433630362
-0.06,0.02,1081.010263,791.2935774,86.56636964,-3.433630362
-0.06,0.03,1081.19538,825.5329275,86.56636964,-3.433630362
-0.06,0.04,1081.432864,859.683953,86.56636964,-3.433630362
-0.06,0.05,1081.722987,893.7260551,86.56636964,-3.433630362
-0.06,0.06,1082.066067,927.6384077,86.56636964,-3.433630362
-0.06,0.07,1082.462444,961.3999475,86.56636964,-3.433630362
-0.06,0.08,1082.91245,994.9893956,86.56636964,-3.433630362
-0.06,0.09,1083.416373,1028.385317,86.56636964,-3.433630362
-0.06,0.1,1083.974418,1061.566224,86.56636964,-3.433630362
-0.06,0.11,1084.586661,1094.510728,86.56636964,-3.433630362
-0.06,0.12,1085.252996,1127.197753,86.56636964,-3.433630362
-0.06,0.13,1085.973083,1159.606803,86.56636964,-3.433630362
-0.06,0.14,1086.74628,1191.71831,86.56636964,-3.433630362
-0.06,0.15,1087.571581,1223.514044,86.56636964,-3.433630362
-0.06,0.16,1088.44754,1254.97762,86.56636964,-3.433630362
-0.06,0.17,1089.372194,1286.095075,86.56636964,-3.433630362
-0.06,0.18,1090.342981,1316.855557,86.56636964,-3.433630362
-0.06,0.19,1091.356649,1347.252101,86.56636964,-3.433630362
-0.06,0.2,1092.409163,1377.282518,86.56636964,-3.433630362
-0.06,0.21,1093.495605,1406.950397,86.56636964,-3.433630362
-0.06,0.22,1094.610069,1436.266224,86.56636964,-3.433630362
-0.05,-0.21,1123.975255,25.27307416,87.13759477,-2.862405226
-0.05,-0.2,1123.117628,56.0966307,87.13759477,-2.862405226
-0.05,-0.19,1122.291053,87.23270156,87.13759477,-2.862405226
-0.05,-0.18,1121.499533,118.6840219,87.13759477,-2.862405226
-0.05,-0.17,1120.746339,150.4476436,87.13759477,-2.862405226
-0.05,-0.16,1120.034094,182.515931,87.13759477,-2.862405226
-0.05,-0.15,1119.364854,214.8774437,87.13759477,-2.862405226
-0.05,-0.14,1118.740175,247.5177126,87.13759477,-2.862405226
-0.05,-0.13,1118.161193,280.419916,87.13759477,-2.862405226
-0.05,-0.12,1117.628679,313.5654607,87.13759477,-2.862405226
-0.05,-0.11,1117.143105,346.9344759,87.13759477,-2.862405226
-0.05,-0.1,1116.704699,380.5062254,87.13759477,-2.862405226
-0.05,-0.09,1116.313497,414.2594441,87.13759477,-2.862405226
-0.05,-0.08,1115.96939,448.172606,87.13759477,-2.862405226
-0.05,-0.07,1115.672163,482.224129,87.13759477,-2.862405226
-0.05,-0.06,1115.421541,516.3925237,87.13759477,-2.862405226
-0.05,-0.05,1115.217214,550.6564913,87.13759477,-2.862405226
-0.05,-0.04,1115.058873,584.9949779,87.13759477,-2.862405226
-0.05,-0.03,1114.946229,619.3871917,87.13759477,-2.862405226
-0.05,-0.02,1114.879039,653.8125879,87.13759477,-2.862405226
-0.05,-0.01,1114.857116,688.2508288,87.13759477,-2.862405226
-0.05,0,1114.880344,722.6817256,87.13759477,-2.862405226
-0.05,0.01,1114.948684,757.0851667,87.13759477,-2.862405226
-0.05,0.02,1115.062175,791.4410408,87.13759477,-2.862405226
-0.05,0.03,1115.220933,825.7291589,87.13759477,-2.862405226
-0.05,0.04,1115.425144,859.9291834,87.13759477,-2.862405226
-0.05,0.05,1115.675054,894.0205695,87.13759477,-2.862405226
-0.05,0.06,1115.970948,927.9825252,87.13759477,-2.862405226
-0.05,0.07,1116.313138,961.7939969,87.13759477,-2.862405226
-0.05,0.08,1116.701932,995.4336857,87.13759477,-2.862405226
-0.05,0.09,1117.137608,1028.880102,87.13759477,-2.862405226
-0.05,0.1,1117.620377,1062.111664,87.13759477,-2.862405226
-0.05,0.11,1118.150351,1095.106846,87.13759477,-2.862405226
-0.05,0.12,1118.727493,1127.844382,87.13759477,-2.862405226
-0.05,0.13,1119.351575,1160.303536,87.13759477,-2.862405226
-0.05,0.14,1120.022125,1192.464438,87.13759477,-2.862405226
-0.05,0.15,1120.738371,1224.308494,87.13759477,-2.862405226
-0.05,0.16,1121.49918,1255.818882,87.13759477,-2.862405226
-0.05,0.17,1122.302992,1286.981134,87.13759477,-2.862405226
-0.05,0.18,1123.147754,1317.783809,87.13759477,-2.862405226
-0.05,0.19,1124.030842,1348.219272,87.13759477,-2.862405226
-0.05,0.2,1124.948984,1378.284573,87.13759477,-2.862405226
-0.05,0.21,1125.89818,1407.98245,87.13759477,-2.862405226
-0.05,0.22,1126.873607,1437.322434,87.13759477,-2.862405226
-0.04,-0.21,1156.892431,24.46303235,87.70938996,-2.290610043
-0.04,-0.2,1156.156133,55.31396912,87.70938996,-2.290610043
-0.04,-0.19,1155.447545,86.48133844,87.70938996,-2.290610043
-0.04,-0.18,1154.769807,117.9671813,87.70938996,-2.290610043
-0.04,-0.17,1154.125475,149.767932,87.70938996,-2.290610043
-0.04,-0.16,1153.516592,181.8754098,87.70938996,-2.290610043
-0.04,-0.15,1152.944747,214.2776982,87.70938996,-2.290610043
-0.04,-0.14,1152.411139,246.9599162,87.70938996,-2.290610043
-0.04,-0.13,1151.916626,279.9048909,87.70938996,-2.290610043
-0.04,-0.12,1151.461784,313.0937343,87.70938996,-2.290610043
-0.04,-0.11,1151.046948,346.5063334,87.70938996,-2.290610043
-0.04,-0.1,1150.672265,380.1217578,87.70938996,-2.290610043
-0.04,-0.09,1150.33773,413.9185932,87.70938996,-2.290610043
-0.04,-0.08,1150.043223,447.8752044,87.70938996,-2.290610043
-0.04,-0.07,1149.788547,481.9699364,87.70938996,-2.290610043
-0.04,-0.06,1149.573455,516.1812591,87.70938996,-2.290610043
-0.04,-0.05,1149.397681,550.4878615,87.70938996,-2.290610043
-0.04,-0.04,1149.260958,584.8687016,87.70938996,-2.290610043
-0.04,-0.03,1149.163042,619.3030197,87.70938996,-2.290610043
-0.04,-0.02,1149.103725,653.770319,87.70938996,-2.290610043
-0.04,-0.01,1149.082851,688.2503223,87.70938996,-2.290610043
-0.04,0,1149.100322,722.722909,87.70938996,-2.290610043
-0.04,0.01,1149.156106,757.1680401,87.70938996,-2.290610043
-0.04,0.02,1149.250234,791.5656766,87.70938996,-2.290610043
-0.04,0.03,1149.382805,825.8956978,87.70938996,-2.290610043
-0.04,0.04,1149.553975,860.1378266,87.70938996,-2.290610043
-0.04,0.05,1149.763953,894.2715661,87.70938996,-2.290610043
-0.04,0.06,1150.012981,928.2761567,87.70938996,-2.290610043
-0.04,0.07,1150.301326,962.1305564,87.70938996,-2.290610043
-0.04,0.08,1150.629257,995.8134542,87.70938996,-2.290610043
-0.04,0.09,1150.997018,1029.30332,87.70938996,-2.290610043
-0.04,0.1,1151.404808,1062.578498,87.70938996,-2.290610043
-0.04,0.11,1151.852745,1095.617355,87.70938996,-2.290610043
-0.04,0.12,1152.340835,1128.398475,87.70938996,-2.290610043
-0.04,0.13,1152.868932,1160.900928,87.70938996,-2.290610043
-0.04,0.14,1153.436699,1193.104601,87.70938996,-2.290610043
-0.04,0.15,1154.043561,1224.990606,87.70938996,-2.290610043
-0.04,0.16,1154.68866,1256.54177,87.70938996,-2.290610043
-0.04,0.17,1155.370797,1287.743213,87.70938996,-2.290610043
-0.04,0.18,1156.088383,1318.583017,87.70938996,-2.290610043
-0.04,0.19,1156.839376,1349.053002,87.70938996,-2.290610043
-0.04,0.2,1157.621218,1379.149602,87.70938996,-2.290610043
-0.04,0.21,1158.430771,1408.874858,87.70938996,-2.290610043
-0.04,0.22,1159.264244,1438.23753,87.70938996,-2.290610043
-0.03,-0.21,1189.921304,23.77664826,88.281642,-1.718358002
-0.03,-0.2,1189.308141,54.65190729,88.281642,-1.718358002
-0.03,-0.19,1188.718979,85.84659617,88.281642,-1.718358002
-0.03,-0.18,1188.156134,117.3622184,88.281642,-1.718358002
-0.03,-0.17,1187.62149,149.1947306,88.281642,-1.718358002
-0.03,-0.16,1187.116546,181.3355307,88.281642,-1.718358002
-0.03,-0.15,1186.642463,213.772334,88.281642,-1.718358002
-0.03,-0.14,1186.20011,246.4899421,88.281642,-1.718358002
-0.03,-0.13,1185.790103,279.4709111,88.281642,-1.718358002
-0.03,-0.12,1185.412849,312.6961264,88.281642,-1.718358002
-0.03,-0.11,1185.068577,346.1452889,88.281642,-1.718358002
-0.03,-0.1,1184.757374,379.7973203,88.281642,-1.718358002
-0.03,-0.09,1184.479217,413.630692,88.281642,-1.718358002
-0.03,-0.08,1184.233998,447.6236867,88.281642,-1.718358002
-0.03,-0.07,1184.021553,481.7545952,88.281642,-1.718358002
-0.03,-0.06,1183.841684,516.0018585,88.281642,-1.718358002
-0.03,-0.05,1183.694178,550.3441582,88.281642,-1.718358002
-0.03,-0.04,1183.578824,584.7604644,88.281642,-1.718358002
-0.03,-0.03,1183.495431,619.2300445,88.281642,-1.718358002
-0.03,-0.02,1183.443836,653.732442,88.281642,-1.718358002
-0.03,-0.01,1183.423919,688.247429,88.281642,-1.718358002
-0.03,0,1183.435602,722.7549406,88.281642,-1.718358002
-0.03,0.01,1183.47886,757.2349965,88.281642,-1.718358002
-0.03,0.02,1183.553718,791.6676166,88.281642,-1.718358002
-0.03,0.03,1183.660253,826.0327361,88.281642,-1.718358002
-0.03,0.04,1183.798587,860.3101269,88.281642,-1.718358002
-0.03,0.05,1183.968881,894.4793325,88.281642,-1.718358002
-0.03,0.06,1184.171328,928.5196204,88.281642,-1.718358002
-0.03,0.07,1184.406138,962.4099606,88.281642,-1.718358002
-0.03,0.08,1184.673524,996.1290349,88.281642,-1.718358002
-0.03,0.09,1184.973683,1029.655284,88.281642,-1.718358002
-0.03,0.1,1185.306781,1062.966999,88.281642,-1.718358002
-0.03,0.11,1185.672925,1096.042462,88.281642,-1.718358002
-0.03,0.12,1186.072138,1128.860146,88.281642,-1.718358002
-0.03,0.13,1186.504332,1161.398971,88.281642,-1.718358002
-0.03,0.14,1186.969279,1193.638638,88.281642,-1.718358002
-0.03,0.15,1187.466573,1225.560033,88.281642,-1.718358002
-0.03,0.16,1187.995597,1257.145712,88.281642,-1.718358002
-0.03,0.17,1188.555482,1288.380477,88.281642,-1.718358002
-0.03,0.18,1189.145066,1319.252043,88.281642,-1.718358002
-0.03,0.19,1189.762852,1349.751807,88.281642,-1.718358002
-0.03,0.2,1190.406955,1379.875727,88.281642,-1.718358002
-0.03,0.21,1191.075058,1409.625306,88.281642,-1.718358002
-0.03,0.22,1191.764358,1439.008702,88.281642,-1.718358002
-0.02,-0.21,1223.043053,23.21563679,88.85423716,-1.145762838
-0.02,-0.2,1222.554316,54.1118211,88.85423716,-1.145762838
-0.02,-0.19,1222.085597,85.3295493,88.85423716,-1.145762838
-0.02,-0.18,1221.638422,116.8699424,88.85423716,-1.145762838
-0.02,-0.17,1221.214031,148.7286169,88.85423716,-1.145762838
-0.02,-0.16,1220.813407,180.8966713,88.85423716,-1.145762838
-0.02,-0.15,1220.43731,213.3615594,88.85423716,-1.145762838
-0.02,-0.14,1220.086305,246.1078571,88.85423716,-1.145762838
-0.02,-0.13,1219.76079,279.1179285,88.85423716,-1.145762838
-0.02,-0.12,1219.461024,312.3724984,88.85423716,-1.145762838
-0.02,-0.11,1219.187148,345.8511363,88.85423716,-1.145762838
-0.02,-0.1,1218.93921,379.5326592,88.85423716,-1.145762838
-0.02,-0.09,1218.717185,413.3954587,88.85423716,-1.145762838
-0.02,-0.08,1218.520993,447.4177598,88.85423716,-1.145762838
-0.02,-0.07,1218.350517,481.5778162,88.85423716,-1.145762838
-0.02,-0.06,1218.205618,515.8540493,88.85423716,-1.145762838
-0.02,-0.05,1218.086148,550.2251371,88.85423716,-1.145762838
-0.02,-0.04,1217.991962,584.6700594,88.85423716,-1.145762838
-0.02,-0.03,1217.922928,619.1681047,88.85423716,-1.145762838
-0.02,-0.02,1217.878935,653.6988461,88.85423716,-1.145762838
-0.02,-0.01,1217.859899,688.2420926,88.85423716,-1.145762838
-0.02,0,1217.865769,722.7778203,88.85423716,-1.145762838
-0.02,0.01,1217.896526,757.2860923,88.85423716,-1.145762838
-0.02,0.02,1217.952189,791.7469719,88.85423716,-1.145762838
-0.02,0.03,1218.032809,826.1404353,88.85423716,-1.145762838
-0.02,0.04,1218.13847,860.4462912,88.85423716,-1.145762838
-0.02,0.05,1218.269283,894.6441129,88.85423716,-1.145762838
-0.02,0.06,1218.425381,928.713189,88.85423716,-1.145762838
-0.02,0.07,1218.606907,962.632499,88.85423716,-1.145762838
-0.02,0.08,1218.81401,996.3807212,88.85423716,-1.145762838
-0.02,0.09,1219.046829,1029.936277,88.85423716,-1.145762838
-0.02,0.1,1219.305481,1063.27742,88.85423716,-1.145762838
-0.02,0.11,1219.590046,1096.382374,88.85423716,-1.145762838
-0.02,0.12,1219.900549,1129.229533,88.85423716,-1.145762838
-0.02,0.13,1220.236943,1161.797713,88.85423716,-1.145762838
-0.02,0.14,1220.599085,1194.066482,88.85423716,-1.145762838
-0.02,0.15,1220.986717,1226.016567,88.85423716,-1.145762838
-0.02,0.16,1221.399441,1257.630331,88.85423716,-1.145762838
-0.02,0.17,1221.836692,1288.89235,88.85423716,-1.145762838
-0.02,0.18,1222.297711,1319.790078,88.85423716,-1.145762838
-0.02,0.19,1222.781512,1350.314613,88.85423716,-1.145762838
-0.02,0.2,1223.286859,1380.461572,88.85423716,-1.145762838
-0.02,0.21,1223.812223,1410.232076,88.85423716,-1.145762838
-0.02,0.22,1224.355754,1439.633856,88.85423716,-1.145762838
-0.01,-0.21,1256.238508,22.78117577,89.4270613,-0.572938698
-0.01,-0.2,1255.875026,53.69464851,89.4270613,-0.572938698
-0.01,-0.19,1255.527399,84.93092277,89.4270613,-0.572938698
-0.01,-0.18,1255.196384,116.4908906,89.4270613,-0.572938698
-0.01,-0.17,1254.882596,148.3699651,89.4270613,-0.572938698
-0.01,-0.16,1254.586522,180.5590655,89.4270613,-0.572938698
-0.01,-0.15,1254.308538,213.0454893,89.4270613,-0.572938698
-0.01,-0.14,1254.048921,245.8136775,89.4270613,-0.572938698
-0.01,-0.13,1253.807867,278.8458796,89.4270613,-0.572938698
-0.01,-0.12,1253.585502,312.1227246,89.4270613,-0.572938698
-0.01,-0.11,1253.381893,345.6237035,89.4270613,-0.572938698
-0.01,-0.1,1253.197061,379.3275711,89.4270613,-0.572938698
-0.01,-0.09,1253.03099,413.2126717,89.4270613,-0.572938698
-0.01,-0.08,1252.883639,447.2571963,89.4270613,-0.572938698
-0.01,-0.07,1252.754945,481.4393768,89.4270613,-0.572938698
-0.01,-0.06,1252.644838,515.7376233,89.4270613,-0.572938698
-0.01,-0.05,1252.553242,550.1306124,89.4270613,-0.572938698
-0.01,-0.04,1252.480083,584.59733,89.4270613,-0.572938698
-0.01,-0.03,1252.425294,619.1170778,89.4270613,-0.572938698
-0.01,-0.02,1252.388818,653.6694475,89.4270613,-0.572938698
-0.01,-0.01,1252.370613,688.2342704,89.4270613,-0.572938698
-0.01,0,1252.370652,722.7915481,89.4270613,-0.572938698
-0.01,0.01,1252.388926,757.3213701,89.4270613,-0.572938698
-0.01,0.02,1252.425445,791.8038262,89.4270613,-0.572938698
-0.01,0.03,1252.480235,826.2189178,89.4270613,-0.572938698
-0.01,0.04,1252.553338,860.5464763,89.4270613,-0.572938698
-0.01,0.05,1252.64481,894.7660933,89.4270613,-0.572938698
-0.01,0.06,1252.75472,928.8570706,89.4270613,-0.572938698
-0.01,0.07,1252.88314,962.7983941,89.4270613,-0.572938698
-0.01,0.08,1253.030147,996.5687403,89.4270613,-0.572938698
-0.01,0.09,1253.195813,1030.146519,89.4270613,-0.572938698
-0.01,0.1,1253.380197,1063.509963,89.4270613,-0.572938698
-0.01,0.11,1253.583342,1096.637263,89.4270613,-0.572938698
-0.01,0.12,1253.805265,1129.506763,89.4270613,-0.572938698
-0.01,0.13,1254.045944,1162.097217,89.4270613,-0.572938698
-0.01,0.14,1254.305311,1194.388118,89.4270613,-0.572938698
-0.01,0.15,1254.583241,1226.360093,89.4270613,-0.572938698
-0.01,0.16,1254.879539,1257.995393,89.4270613,-0.572938698
-0.01,0.17,1255.193927,1289.278458,89.4270613,-0.572938698
-0.01,0.18,1255.526028,1320.196585,89.4270613,-0.572938698
-0.01,0.19,1255.875357,1350.740695,89.4270613,-0.572938698
-0.01,0.2,1256.241298,1380.906201,89.4270613,-0.572938698
-0.01,0.21,1256.623093,1410.693993,89.4270613,-0.572938698
0,-0.21,1289.488271,22.4739531,90,0
0,-0.2,1289.25045,53.40093434,90,0
0,-0.19,1289.024231,84.65113454,90,0
0,-0.18,1288.809612,116.2253695,90,0
0,-0.17,1288.606595,148.1189846,90,0
0,-0.16,1288.415178,180.3228394,90,0
0,-0.15,1288.235363,212.8241794,90,0
0,-0.14,1288.067148,245.6074007,90,0
0,-0.13,1287.910535,278.6547147,90,0
0,-0.12,1287.765522,311.9467185,90,0
0,-0.11,1287.632111,345.4628772,90,0
0,-0.1,1287.5103,379.1819249,90,0
0,-0.09,1287.400091,413.0821901,90,0
0,-0.08,1287.301482,447.1418527,90,0
0,-0.07,1287.214475,481.3391372,90,0
0,-0.06,1287.139068,515.6524503,90,0
0,-0.05,1287.075263,550.060468,90,0
0,-0.04,1287.023058,584.5421785,90,0
0,-0.03,1286.982455,619.0768879,90,0
0,-0.02,1286.953452,653.6441941,90,0
0,-0.01,1286.936051,688.2239362,90,0
0,0,1286.93025,722.796124,90,0
0,0.01,1286.936051,757.3408562,90,0
0,0.02,1286.953452,791.8382314,90,0
0,0.03,1286.982455,826.2682596,90,0
0,0.04,1287.023058,860.6107796,90,0
0,0.05,1287.075263,894.8453896,90,0
0,0.06,1287.139068,928.9513954,90,0
0,0.07,1287.214475,962.9077855,90,0
0,0.08,1287.301482,996.6932358,90,0
0,0.09,1287.400091,1030.286153,90,0
0,0.1,1287.5103,1063.664761,90,0
0,0.11,1287.632111,1096.807241,90,0
0,0.12,1287.765522,1129.691921,90,0
0,0.13,1287.910535,1162.297534,90,0
0,0.14,1288.067148,1194.603546,90,0
0,0.15,1288.235363,1226.590555,90,0
0,0.16,1288.415178,1258.240771,90,0
0,0.17,1288.606595,1289.53859,90,0
0,0.18,1288.809612,1320.471258,90,0
0,0.19,1289.024231,1351.029636,90,0
0,0.2,1289.25045,1381.209067,90,0
0,0.21,1289.488271,1411.010368,90,0
0.01,-0.21,1322.772837,22.29419492,89.4270613,0.572938698
0.01,-0.2,1322.660678,53.23085722,89.4270613,0.572938698
0.01,-0.19,1322.555866,84.49032105,89.4270613,0.572938698
0.01,-0.18,1322.457644,116.0734784,89.4270613,0.572938698
0.01,-0.17,1322.365397,147.9757425,89.4270613,0.572938698
0.01,-0.16,1322.278637,180.1880325,89.4270613,0.572938698
0.01,-0.15,1322.196991,212.6976458,89.4270613,0.572938698
0.01,-0.14,1322.120179,245.4890236,89.4270613,0.572938698
0.01,-0.13,1322.048005,278.5444153,89.4270613,0.572938698
0.01,-0.12,1321.980345,311.8444498,89.4270613,0.572938698
0.01,-0.11,1321.917131,345.3686183,89.4270613,0.572938698
0.01,-0.1,1321.858342,379.0956754,89.4270613,0.572938698
0.01,-0.09,1321.803994,413.0039656,89.4270613,0.572938698
0.01,-0.08,1321.754128,447.0716798,89.4270613,0.572938698
0.01,-0.07,1321.708807,481.2770498,89.4270613,0.572938698
0.01,-0.06,1321.668101,515.5984859,89.4270613,0.572938698
0.01,-0.05,1321.632086,550.0146646,89.4270613,0.572938698
0.01,-0.04,1321.600836,584.5045717,89.4270613,0.572938698
0.01,-0.03,1321.574418,619.0475091,89.4270613,0.572938698
0.01,-0.02,1321.552889,653.6230684,89.4270613,0.572938698
0.01,-0.01,1321.536291,688.2110809,89.4270613,0.572938698
0.01,0,1321.524651,722.7915481,89.4270613,0.572938698
0.01,0.01,1321.517978,757.3445596,89.4270613,0.572938698
0.01,0.02,1321.516262,791.8502053,89.4270613,0.572938698
0.01,0.03,1321.519477,826.2884865,89.4270613,0.572938698
0.01,0.04,1321.527581,860.6392345,89.4270613,0.572938698
0.01,0.05,1321.540518,894.8820411,89.4270613,0.572938698
0.01,0.06,1321.558219,928.996208,89.4270613,0.572938698
0.01,0.07,1321.580612,962.960721,89.4270613,0.572938698
0.01,0.08,1321.60762,996.7542568,89.4270613,0.572938698
0.01,0.09,1321.639172,1030.355225,89.4270613,0.572938698
0.01,0.1,1321.675207,1063.741859,89.4270613,0.572938698
0.01,0.11,1321.715682,1096.892348,89.4270613,0.572938698
0.01,0.12,1321.760582,1129.785037,89.4270613,0.572938698
0.01,0.13,1321.809929,1162.398681,89.4270613,0.572938698
0.01,0.14,1321.863789,1194.712772,89.4270613,0.572938698
0.01,0.15,1321.922287,1226.707936,89.4270613,0.572938698
0.01,0.16,1321.98562,1258.366426,89.4270613,0.572938698
0.01,0.17,1322.054066,1289.67268,89.4270613,0.572938698
0.01,0.18,1322.128,1320.613998,89.4270613,0.572938698
0.01,0.19,1322.207908,1351.181297,89.4270613,0.572938698
0.01,0.2,1322.294406,1381.369992,89.4270613,0.572938698
0.01,0.21,1322.388252,1411.180974,89.4270613,0.572938698
0.02,-0.21,1356.072701,22.24167509,88.85423716,1.145762838
0.02,-0.2,1356.085797,53.18423853,88.85423716,1.145762838
0.02,-0.19,1356.102077,84.44834586,88.85423716,1.145762838
0.02,-0.18,1356.120015,116.0351181,88.85423716,1.145762838
0.02,-0.17,1356.13837,147.9401717,88.85423716,1.145762838
0.02,-0.16,1356.156161,180.1546052,88.85423716,1.145762838
0.02,-0.15,1356.172627,212.6658725,88.85423716,1.145762838
0.02,-0.14,1356.187204,245.4585493,88.85423716,1.145762838
0.02,-0.13,1356.199491,278.5149998,88.85423716,1.145762838
0.02,-0.12,1356.209233,311.8159489,88.85423716,1.145762838
0.02,-0.11,1356.216286,345.3409659,88.85423716,1.145762838
0.02,-0.1,1356.220603,379.0688679,88.85423716,1.145762838
0.02,-0.09,1356.222209,412.9780465,88.85423716,1.145762838
0.02,-0.08,1356.221183,447.0467268,88.85423716,1.145762838
0.02,-0.07,1356.217644,481.2531623,88.85423716,1.145762838
0.02,-0.06,1356.21173,515.5757745,88.85423716,1.145762838
0.02,-0.05,1356.20359,549.9932415,88.85423716,1.145762838
0.02,-0.04,1356.193367,584.4845429,88.85423716,1.145762838
0.02,-0.03,1356.181193,619.0289673,88.85423716,1.145762838
0.02,-0.02,1356.167181,653.6060879,88.85423716,1.145762838
0.02,-0.01,1356.151414,688.1957134,88.85423716,1.145762838
0.02,0,1356.133943,722.7778203,88.85423716,1.145762838
0.02,0.01,1356.114787,757.3324715,88.85423716,1.145762838
0.02,0.02,1356.093927,791.8397302,88.85423716,1.145762838
0.02,0.03,1356.071312,826.2795727,88.85423716,1.145762838
0.02,0.04,1356.046858,860.6318077,88.85423716,1.145762838
0.02,0.05,1356.020454,894.8760086,88.85423716,1.145762838
0.02,0.06,1355.991968,928.9914638,88.85423716,1.145762838
0.02,0.07,1355.961254,962.9571529,88.85423716,1.145762838
0.02,0.08,1355.928166,996.7517542,88.85423716,1.145762838
0.02,0.09,1355.892564,1030.353689,88.85423716,1.145762838
0.02,0.1,1355.854331,1063.741211,88.85423716,1.145762838
0.02,0.11,1355.813387,1096.892545,88.85423716,1.145762838
0.02,0.12,1355.769707,1129.786083,88.85423716,1.145762838
0.02,0.13,1355.723339,1162.400641,88.85423716,1.145762838
0.02,0.14,1355.674424,1194.71579,88.85423716,1.145762838
0.02,0.15,1355.62322,1226.712254,88.85423716,1.145762838
0.02,0.16,1355.570127,1258.372397,88.85423716,1.145762838
0.02,0.17,1355.515709,1289.680795,88.85423716,1.145762838
0.02,0.18,1355.460726,1320.624902,88.85423716,1.145762838
0.02,0.19,1355.406162,1351.195817,88.85423716,1.145762838
0.02,0.2,1355.353254,1381.389155,88.85423716,1.145762838
0.02,0.21,1355.303531,1411.206038,88.85423716,1.145762838
0.03,-0.21,1389.368465,22.31570571,88.281642,1.718358002
0.03,-0.2,1389.505987,53.26053344,88.281642,1.718358002
0.03,-0.19,1389.64271,84.52479101,88.281642,1.718358002
0.03,-0.18,1389.776318,116.109982,88.281642,1.718358002
0.03,-0.17,1389.904927,148.0120628,88.281642,1.718358002
0.03,-0.16,1390.027038,180.2224316,88.281642,1.718358002
0.03,-0.15,1390.14149,212.7288036,88.281642,1.718358002
0.03,-0.14,1390.247414,245.5159804,88.281642,1.718358002
0.03,-0.13,1390.344193,278.5665181,88.281642,1.718358002
0.03,-0.12,1390.431422,311.8613021,88.281642,1.718358002
0.03,-0.11,1390.508871,345.3800333,88.281642,1.718358002
0.03,-0.1,1390.576453,379.1016333,88.281642,1.718358002
0.03,-0.09,1390.634191,413.0045738,88.281642,1.718358002
0.03,-0.08,1390.682193,447.0671372,88.281642,1.718358002
0.03,-0.07,1390.720623,481.2676144,88.281642,1.718358002
0.03,-0.06,1390.749679,515.5844463,88.281642,1.718358002
0.03,-0.05,1390.769574,549.9963148,88.281642,1.718358002
0.03,-0.04,1390.780519,584.4821896,88.281642,1.718358002
0.03,-0.03,1390.782705,619.0213385,88.281642,1.718358002
0.03,-0.02,1390.776295,653.5933046,88.281642,1.718358002
0.03,-0.01,1390.761409,688.1778603,88.281642,1.718358002
0.03,0,1390.738125,722.7549406,88.281642,1.718358002
0.03,0.01,1390.706468,757.3045652,88.281642,1.718358002
0.03,0.02,1390.666413,791.806754,88.281642,1.718358002
0.03,0.03,1390.617883,826.2414421,88.281642,1.718358002
0.03,0.04,1390.560757,860.5884017,88.281642,1.718358002
0.03,0.05,1390.494871,894.8271759,88.281642,1.718358002
0.03,0.06,1390.420035,928.9370326,88.281642,1.718358002
0.03,0.07,1390.336038,962.8969415,88.281642,1.718358002
0.03,0.08,1390.242668,996.6855845,88.281642,1.718358002
0.03,0.09,1390.139725,1030.281402,88.281642,1.718358002
0.03,0.1,1390.027046,1063.662686,88.281642,1.718358002
0.03,0.11,1389.904523,1096.807718,88.281642,1.718358002
0.03,0.12,1389.772134,1129.69497,88.281642,1.718358002
0.03,0.13,1389.629964,1162.303364,88.281642,1.718358002
0.03,0.14,1389.478244,1194.6126,88.281642,1.718358002
0.03,0.15,1389.317379,1226.603564,88.281642,1.718358002
0.03,0.16,1389.147987,1258.258811,88.281642,1.718358002
0.03,0.17,1388.970935,1289.563145,88.281642,1.718358002
0.03,0.18,1388.787385,1320.504279,88.281642,1.718358002
0.03,0.19,1388.598837,1351.073612,88.281642,1.718358002
0.03,0.2,1388.407173,1381.267101,88.281642,1.718358002
0.03,0.21,1388.214711,1411.086248,88.281642,1.718358002
0.04,-0.21,1422.640959,22.51510895,87.70938996,2.290610043
0.04,-0.2,1422.901616,53.45880398,87.70938996,2.290610043
0.04,-0.19,1423.157765,84.71893156,87.70938996,2.290610043
0.04,-0.18,1423.406266,116.2975327,87.70938996,2.290610043
0.04,-0.17,1423.644563,148.1910416,87.70938996,2.290610043
0.04,-0.16,1423.870613,180.3912777,87.70938996,2.290610043
0.04,-0.15,1424.082826,212.8863243,87.70938996,2.290610043
0.04,-0.14,1424.280005,245.6613006,87.70938996,2.290610043
0.04,-0.13,1424.461291,278.6990336,87.70938996,2.290610043
0.04,-0.12,1424.626109,311.9806352,87.70938996,2.290610043
0.04,-0.11,1424.774121,345.4859925,87.70938996,2.290610043
0.04,-0.1,1424.905183,379.1941753,87.70938996,2.290610043
0.04,-0.09,1425.0193,413.0837689,87.70938996,2.290610043
0.04,-0.08,1425.11659,447.1331383,87.70938996,2.290610043
0.04,-0.07,1425.197251,481.3206286,87.70938996,2.290610043
0.04,-0.06,1425.261529,515.6247096,87.70938996,2.290610043
0.04,-0.05,1425.309692,550.0240702,87.70938996,2.290610043
0.04,-0.04,1425.342006,584.4976686,87.70938996,2.290610043
0.04,-0.03,1425.358715,619.0247449,87.70938996,2.290610043
0.04,-0.02,1425.360027,653.5848025,87.70938996,2.290610043
0.04,-0.01,1425.346098,688.157564,87.70938996,2.290610043
0.04,0,1425.317026,722.722909,87.70938996,2.290610043
0.04,0.01,1425.272844,757.2607984,87.70938996,2.290610043
0.04,0.02,1425.213518,791.7511931,87.70938996,2.290610043
0.04,0.03,1425.138952,826.1739726,87.70938996,2.290610043
0.04,0.04,1425.048989,860.5088596,87.70938996,2.290610043
0.04,0.05,1424.94342,894.7353574,87.70938996,2.290610043
0.04,0.06,1424.822003,928.8327063,87.70938996,2.290610043
0.04,0.07,1424.684471,962.7798642,87.70938996,2.290610043
0.04,0.08,1424.530555,996.5555202,87.70938996,2.290610043
0.04,0.09,1424.360011,1030.138144,87.70938996,2.290610043
0.04,0.1,1424.17264,1063.506081,87.70938996,2.290610043
0.04,0.11,1423.968324,1096.637696,87.70938996,2.290610043
0.04,0.12,1423.747058,1129.511574,87.70938996,2.290610043
0.04,0.13,1423.508986,1162.106785,87.70938996,2.290610043
0.04,0.14,1423.254446,1194.403216,87.70938996,2.290610043
0.04,0.15,1422.984012,1226.38198,87.70938996,2.290610043
0.04,0.16,1422.698545,1258.025902,87.70938996,2.290610043
0.04,0.17,1422.399241,1289.320103,87.70938996,2.290610043
0.04,0.18,1422.087689,1320.252665,87.70938996,2.290610043
0.04,0.19,1421.765934,1350.815409,87.70938996,2.290610043
0.04,0.2,1421.436531,1381.004767,87.70938996,2.290610043
0.04,0.21,1421.102619,1410.822782,87.70938996,2.290610043
0.05,-0.21,1455.871362,22.83816992,87.13759477,2.862405226
0.05,-0.2,1456.253348,53.77767428,87.13759477,2.862405226
0.05,-0.19,1456.627484,85.02969295,87.13759477,2.862405226
0.05,-0.18,1456.989767,116.5969611,87.13759477,2.862405226
0.05,-0.17,1457.336926,148.4765307,87.13759477,2.862405226
0.05,-0.16,1457.666337,180.6607659,87.13759477,2.862405226
0.05,-0.15,1457.975947,213.1382264,87.13759477,2.862405226
0.05,-0.14,1458.264196,245.8944431,87.13759477,2.862405226
0.05,-0.13,1458.529952,278.9125944,87.13759477,2.862405226
0.05,-0.12,1458.772441,312.1740869,87.13759477,2.862405226
0.05,-0.11,1458.991192,345.6590499,87.13759477,2.862405226
0.05,-0.1,1459.185976,379.3467472,87.13759477,2.862405226
0.05,-0.09,1459.356759,413.2159137,87.13759477,2.862405226
0.05,-0.08,1459.50365,447.2450234,87.13759477,2.862405226
0.05,-0.07,1459.626861,481.4124943,87.13759477,2.862405226
0.05,-0.06,1459.72667,515.6968368,87.13759477,2.862405226
0.05,-0.05,1459.803386,550.0767522,87.13759477,2.862405226
0.05,-0.04,1459.857318,584.5311866,87.13759477,2.862405226
0.05,-0.03,1459.888755,619.0393483,87.13759477,2.862405226
0.05,-0.02,1459.89794,653.5806922,87.13759477,2.862405226
0.05,-0.01,1459.88506,688.134881,87.13759477,2.862405226
0.05,0,1459.850231,722.6817256,87.13759477,2.862405226
0.05,0.01,1459.793493,757.2011146,87.13759477,2.862405226
0.05,0.02,1459.714805,791.6729365,87.13759477,2.862405226
0.05,0.03,1459.614051,826.0770024,87.13759477,2.862405226
0.05,0.04,1459.491047,860.3929747,87.13759477,2.862405226
0.05,0.05,1459.345547,894.6003086,87.13759477,2.862405226
0.05,0.06,1459.177263,928.6782121,87.13759477,2.862405226
0.05,0.07,1458.985886,962.6056316,87.13759477,2.862405226
0.05,0.08,1458.771107,996.3612683,87.13759477,2.862405226
0.05,0.09,1458.532649,1029.923632,87.13759477,2.862405226
0.05,0.1,1458.270298,1063.271142,87.13759477,2.862405226
0.05,0.11,1457.983946,1096.382272,87.13759477,2.862405226
0.05,0.12,1457.673627,1129.235755,87.13759477,2.862405226
0.05,0.13,1457.33957,1161.810857,87.13759477,2.862405226
0.05,0.14,1456.982247,1194.087707,87.13759477,2.862405226
0.05,0.15,1456.60243,1226.047711,87.13759477,2.862405226
0.05,0.16,1456.201252,1257.674047,87.13759477,2.862405226
0.05,0.17,1455.780273,1288.952247,87.13759477,2.862405226
0.05,0.18,1455.341546,1319.87087,87.13759477,2.862405226
0.05,0.19,1454.887695,1350.42228,87.13759477,2.862405226
0.05,0.2,1454.421992,1380.60353,87.13759477,2.862405226
0.05,0.21,1453.948438,1410.417354,87.13759477,2.862405226
0.05,0.22,1453.471853,1439.873286,87.13759477,2.862405226
0.06,-0.21,1489.041354,23.28257079,86.56636964,3.433630362
0.06,-0.2,1489.542274,54.21526772,86.56636964,3.433630362
0.06,-0.19,1490.032467,85.4555914,86.56636964,3.433630362
0.06,-0.18,1490.507017,117.0071304,86.56636964,3.433630362
0.06,-0.17,1490.961888,148.8676964,86.56636964,3.433630362
0.06,-0.16,1491.393827,181.0303245,86.56636964,3.433630362
0.06,-0.15,1491.800274,213.4841615,86.56636964,3.433630362
0.06,-0.14,1492.179264,246.2152466,86.56636964,3.433630362
0.06,-0.13,1492.529353,279.2071923,86.56636964,3.433630362
0.06,-0.12,1492.849533,312.4417705,86.56636964,3.433630362
0.06,-0.11,1493.139164,345.8994116,86.56636964,3.433630362
0.06,-0.1,1493.397904,379.5596213,86.56636964,3.433630362
0.06,-0.09,1493.625649,413.4013221,86.56636964,3.433630362
0.06,-0.08,1493.822474,447.4031264,86.56636964,3.433630362
0.06,-0.07,1493.988583,481.5435461,86.56636964,3.433630362
0.06,-0.06,1494.124266,515.8011463,86.56636964,3.433630362
0.06,-0.05,1494.229853,550.1546481,86.56636964,3.433630362
0.06,-0.04,1494.305686,584.5829882,86.56636964,3.433630362
0.06,-0.03,1494.352081,619.0653404,86.56636964,3.433630362
0.06,-0.02,1494.369312,653.5811059,86.56636964,3.433630362
0.06,-0.01,1494.357588,688.1098784,86.56636964,3.433630362
0.06,0,1494.317038,722.6313903,86.56636964,3.433630362
0.06,0.01,1494.247706,757.1254466,86.56636964,3.433630362
0.06,0.02,1494.14955,791.5718522,86.56636964,3.433630362
0.06,0.03,1494.022437,825.9503396,86.56636964,3.433630362
0.06,0.04,1493.86616,860.2405025,86.56636964,3.433630362
0.06,0.05,1493.680447,894.421742,86.56636964,3.433630362
0.06,0.06,1493.464978,928.473232,86.56636964,3.433630362
0.06,0.07,1493.219413,962.3739092,86.56636964,3.433630362
0.06,0.08,1492.943423,996.1024947,86.56636964,3.433630362
0.06,0.09,1492.636717,1029.637554,86.56636964,3.433630362
0.06,0.1,1492.299091,1062.957598,86.56636964,3.433630362
0.06,0.11,1491.930469,1096.041239,86.56636964,3.433630362
0.06,0.12,1491.530956,1128.867401,86.56636964,3.433630362
0.06,0.13,1491.100895,1161.415589,86.56636964,3.433630362
0.06,0.14,1490.640925,1193.666233,86.56636964,3.433630362
0.06,0.15,1490.152053,1225.601105,86.56636964,3.433630362
0.06,0.16,1489.635725,1257.203818,86.56636964,3.433630362
0.06,0.17,1489.093904,1288.460411,86.56636964,3.433630362
0.06,0.18,1488.529152,1319.36003,86.56636964,3.433630362
0.06,0.19,1487.944721,1349.895711,86.56636964,3.433630362
0.06,0.2,1487.344646,1380.065266,86.56636964,3.433630362
0.06,0.21,1486.733845,1409.872282,86.56636964,3.433630362
0.06,0.22,1486.118224,1439.327247,86.56636964,3.433630362
0.07,-0.21,1522.133286,23.84530604,85.99582706,4.004172941
0.07,-0.2,1522.750061,54.7691263,85.99582706,4.004172941
0.07,-0.19,1523.353806,85.99465721,85.99582706,4.004172941
0.07,-0.18,1523.938622,117.5265029,85.99582706,4.004172941
0.07,-0.17,1524.499651,149.3633799,85.99582706,4.004172941
0.07,-0.16,1525.032957,181.4991233,85.99582706,4.004172941
0.07,-0.15,1525.535414,213.9235807,85.99582706,4.004172941
0.07,-0.14,1526.004608,246.6233989,85.99582706,4.004172941
0.07,-0.13,1526.438733,279.5827106,85.99582706,4.004172941
0.07,-0.12,1526.836504,312.7837263,85.99582706,4.004172941
0.07,-0.11,1527.197072,346.2072392,85.99582706,4.004172941
0.07,-0.1,1527.519944,379.8330479,85.99582706,4.004172941
0.07,-0.09,1527.804912,413.6403038,85.99582706,4.004172941
0.07,-0.08,1528.051987,447.6077896,85.99582706,4.004172941
0.07,-0.07,1528.261338,481.7141355,85.99582706,4.004172941
0.07,-0.06,1528.433241,515.9379777,85.99582706,4.004172941
0.07,-0.05,1528.56803,550.2580682,85.99582706,4.004172941
0.07,-0.04,1528.666055,584.6533392,85.99582706,4.004172941
0.07,-0.03,1528.727653,619.1029311,85.99582706,4.004172941
0.07,-0.02,1528.753111,653.5861883,85.99582706,4.004172941
0.07,-0.01,1528.742654,688.0826301,85.99582706,4.004172941
0.07,0,1528.696421,722.5719031,85.99582706,4.004172941
0.07,0.01,1528.614459,757.0337205,85.99582706,4.004172941
0.07,0.02,1528.496721,791.4477955,85.99582706,4.004172941
0.07,0.03,1528.343068,825.7937746,85.99582706,4.004172941
0.07,0.04,1528.153275,860.0511772,85.99582706,4.004172941
0.07,0.05,1527.927055,894.1993476,85.99582706,4.004172941
0.07,0.06,1527.664071,928.2174263,85.99582706,4.004172941
0.07,0.07,1527.363974,962.0843455,85.99582706,4.004172941
0.07,0.08,1527.026427,995.7788571,85.99582706,4.004172941
0.07,0.09,1526.651157,1029.279597,85.99582706,4.004172941
0.07,0.1,1526.237994,1062.565197,85.99582706,4.004172941
0.07,0.11,1525.786927,1095.614437,85.99582706,4.004172941
0.07,0.12,1525.298165,1128.406471,85.99582706,4.004172941
0.07,0.13,1524.772199,1160.921096,85.99582706,4.004172941
0.07,0.14,1524.209879,1193.139106,85.99582706,4.004172941
0.07,0.15,1523.61249,1225.042712,85.99582706,4.004172941
0.07,0.16,1522.981837,1256.616045,85.99582706,4.004172941
0.07,0.17,1522.320337,1287.845753,85.99582706,4.004172941
0.07,0.18,1521.631113,1318.721683,85.99582706,4.004172941
0.07,0.19,1520.918102,1349.237671,85.99582706,4.004172941
0.07,0.2,1520.186162,1379.392433,85.99582706,4.004172941
0.07,0.21,1519.441192,1409.190573,85.99582706,4.004172941
0.07,0.22,1518.690248,1438.643709,85.99582706,4.004172941
0.08,-0.21,1555.130383,24.52257895,85.42607874,4.57392126
0.08,-0.2,1555.859145,55.43611199,85.42607874,4.57392126
0.08,-0.19,1556.573249,86.64434111,85.42607874,4.57392126
0.08,-0.18,1557.265746,118.1530517,85.42607874,4.57392126
0.08,-0.17,1557.930884,149.9620137,85.42607874,4.57392126
0.08,-0.16,1558.563975,182.0659947,85.42607874,4.57392126
0.08,-0.15,1559.161271,214.4556603,85.42607874,4.57392126
0.08,-0.14,1559.719843,247.1183679,85.42607874,4.57392126
0.08,-0.13,1560.237474,280.0388597,85.42607874,4.57392126
0.08,-0.12,1560.712549,313.1998618,85.42607874,4.57392126
0.08,-0.11,1561.143963,346.5825955,85.42607874,4.57392126
0.08,-0.1,1561.531029,380.1672066,85.42607874,4.57392126
0.08,-0.09,1561.873396,413.9331199,85.42607874,4.57392126
0.08,-0.08,1562.170974,447.8593245,85.42607874,4.57392126
0.08,-0.07,1562.423866,481.924596,85.42607874,4.57392126
0.08,-0.06,1562.632306,516.1076625,85.42607874,4.57392126
0.08,-0.05,1562.796604,550.3873206,85.42607874,4.57392126
0.08,-0.04,1562.917104,584.7425071,85.42607874,4.57392126
0.08,-0.03,1562.99414,619.1523332,85.42607874,4.57392126
0.08,-0.02,1563.028004,653.596087,85.42607874,4.57392126
0.08,-0.01,1563.018925,688.0532117,85.42607874,4.57392126
0.08,0,1562.967046,722.5032641,85.42607874,4.57392126
0.08,0.01,1562.872417,756.9258608,85.42607874,4.57392126
0.08,0.02,1562.734987,791.3006187,85.42607874,4.57392126
0.08,0.03,1562.554614,825.6070944,85.42607874,4.57392126
0.08,0.04,1562.33107,859.8247311,85.42607874,4.57392126
0.08,0.05,1562.064062,893.9328171,85.42607874,4.57392126
0.08,0.06,1561.753255,927.9104635,85.42607874,4.57392126
0.08,0.07,1561.398307,961.7366069,85.42607874,4.57392126
0.08,0.08,1560.998906,995.3900441,85.42607874,4.57392126
0.08,0.09,1560.554819,1028.849503,85.42607874,4.57392126
0.08,0.1,1560.065944,1062.09376,85.42607874,4.57392126
0.08,0.11,1559.532369,1095.101803,85.42607874,4.57392126
0.08,0.12,1558.954447,1127.853057,85.42607874,4.57392126
0.08,0.13,1558.332863,1160.327669,85.42607874,4.57392126
0.08,0.14,1557.668724,1192.506859,85.42607874,4.57392126
0.08,0.15,1556.963643,1224.373354,85.42607874,4.57392126
0.08,0.16,1556.219839,1255.911895,85.42607874,4.57392126
0.08,0.17,1555.440239,1287.109841,85.42607874,4.57392126
0.08,0.18,1554.628593,1317.957856,85.42607874,4.57392126
0.08,0.19,1553.789587,1348.450709,85.42607874,4.57392126
0.08,0.2,1552.928975,1378.588169,85.42607874,4.57392126
0.08,0.21,1552.053704,1408.376022,85.42607874,4.57392126
0.08,0.22,1551.172062,1437.827201,85.42607874,4.57392126
0.09,-0.21,1588.016985,25.30967914,84.85723544,5.142764558
0.09,-0.2,1588.852944,56.21229014,84.85723544,5.142764558
0.09,-0.19,1589.673412,87.40140351,84.85723544,5.142764558
0.09,-0.18,1590.470303,118.8841556,84.85723544,5.142764558
0.09,-0.17,1591.236892,150.6615223,84.85723544,5.142764558
0.09,-0.16,1591.967666,182.7293403,84.85723544,5.142764558
0.09,-0.15,1592.658181,215.0792146,84.85723544,5.142764558
0.09,-0.14,1593.30493,247.6993199,84.85723544,5.142764558
0.09,-0.13,1593.905218,280.5751015,84.85723544,5.142764558
0.09,-0.12,1594.457045,313.6898821,84.85723544,5.142764558
0.09,-0.11,1594.958995,347.0253801,84.85723544,5.142764558
0.09,-0.1,1595.410138,380.5621473,84.85723544,5.142764558
0.09,-0.09,1595.809934,414.2799306,84.85723544,5.142764558
0.09,-0.08,1596.158153,448.1579648,84.85723544,5.142764558
0.09,-0.07,1596.454793,482.1752027,84.85723544,5.142764558
0.09,-0.06,1596.700013,516.3104888,84.85723544,5.142764558
0.09,-0.05,1596.894076,550.5426826,84.85723544,5.142764558
0.09,-0.04,1597.037291,584.8507381,84.85723544,5.142764558
0.09,-0.03,1597.129971,619.2137454,84.85723544,5.142764558
0.09,-0.02,1597.1724,653.6109414,84.85723544,5.142764558
0.09,-0.01,1597.164799,688.0216949,84.85723544,5.142764558
0.09,0,1597.107308,722.4254732,84.85723544,5.142764558
0.09,0.01,1596.999977,756.8017958,84.85723544,5.142764558
0.09,0.02,1596.842756,791.1301825,84.85723544,5.142764558
0.09,0.03,1596.635505,825.3901004,84.85723544,5.142764558
0.09,0.04,1596.378002,859.5609184,84.85723544,5.142764558
0.09,0.05,1596.069966,893.6218733,84.85723544,5.142764558
0.09,0.06,1595.711081,927.5520553,84.85723544,5.142764558
0.09,0.07,1595.301038,961.3304184,84.85723544,5.142764558
0.09,0.08,1594.839577,994.935822,84.85723544,5.142764558
0.09,0.09,1594.326536,1028.347111,84.85723544,5.142764558
0.09,0.1,1593.761917,1061.543237,84.85723544,5.142764558
0.09,0.11,1593.145952,1094.503436,84.85723544,5.142764558
0.09,0.12,1592.47918,1127.207455,84.85723544,5.142764558
0.09,0.13,1591.762531,1159.635845,84.85723544,5.142764558
0.09,0.14,1590.997421,1191.770325,84.85723544,5.142764558
0.09,0.15,1590.18585,1223.594218,84.85723544,5.142764558
0.09,0.16,1589.330513,1255.092968,84.85723544,5.142764558
0.09,0.17,1588.434917,1286.254751,84.85723544,5.142764558
0.09,0.18,1587.503505,1317.071171,84.85723544,5.142764558
0.09,0.19,1586.541792,1347.538065,84.85723544,5.142764558
0.09,0.2,1585.556502,1377.656409,84.85723544,5.142764558
0.09,0.21,1584.555721,1407.43334,84.85723544,5.142764558
0.09,0.22,1583.549052,1436.883294,84.85723544,5.142764558
0.1,-0.21,1620.778833,26.2008414,84.28940686,5.710593137
0.1,-0.2,1621.716132,57.09279503,84.28940686,5.710593137
0.1,-0.19,1622.638021,88.2617867,84.28940686,5.710593137
0.1,-0.18,1623.535186,119.7164779,84.28940686,5.710593137
0.1,-0.17,1624.399837,151.459208,84.28940686,5.710593137
0.1,-0.16,1625.225551,183.4870236,84.28940686,5.710593137
0.1,-0.15,1626.007109,215.7925948,84.28940686,5.710593137
0.1,-0.14,1626.74035,248.3650255,84.28940686,5.710593137
0.1,-0.13,1627.422033,281.1905621,84.28940686,5.710593137
0.1,-0.12,1628.049704,314.253209,84.28940686,5.710593137
0.1,-0.11,1628.621578,347.535256,84.28940686,5.710593137
0.1,-0.1,1629.136426,381.0177237,84.28940686,5.710593137
0.1,-0.09,1629.593469,414.6807344,84.28940686,5.710593137
0.1,-0.08,1629.992287,448.5038128,84.28940686,5.710593137
0.1,-0.07,1630.332736,482.4661253,84.28940686,5.710593137
0.1,-0.06,1630.614864,516.5466616,84.28940686,5.710593137
0.1,-0.05,1630.838851,550.7243668,84.28940686,5.710593137
0.1,-0.04,1631.004948,584.9782295,84.28940686,5.710593137
0.1,-0.03,1631.113427,619.2873318,84.28940686,5.710593137
0.1,-0.02,1631.164542,653.6308683,84.28940686,5.710593137
0.1,-0.01,1631.158496,687.9881403,84.28940686,5.710593137
0.1,0,1631.09542,722.3385304,84.28940686,5.710593137
0.1,0.01,1630.97536,756.6614648,84.28940686,5.710593137
0.1,0.02,1630.798271,790.93637,84.28940686,5.710593137
0.1,0.03,1630.56402,825.1426284,84.28940686,5.710593137
0.1,0.04,1630.272406,859.2595414,84.28940686,5.710593137
0.1,0.05,1629.923173,893.2663035,84.28940686,5.710593137
0.1,0.06,1629.51605,927.1419969,84.28940686,5.710593137
0.1,0.07,1629.050786,960.8656102,84.28940686,5.710593137
0.1,0.08,1628.527202,994.4160884,84.28940686,5.710593137
0.1,0.09,1627.945248,1027.772421,84.28940686,5.710593137
0.1,0.1,1627.305069,1060.913775,84.28940686,5.710593137
0.1,0.11,1626.607086,1093.819675,84.28940686,5.710593137
0.1,0.12,1625.852076,1126.470243,84.28940686,5.710593137
0.1,0.13,1625.041269,1158.846499,84.28940686,5.710593137
0.1,0.14,1624.176451,1190.930734,84.28940686,5.710593137
0.1,0.15,1623.260074,1222.706952,84.28940686,5.710593137
0.1,0.16,1622.29538,1254.161399,84.28940686,5.710593137
0.1,0.17,1621.286531,1285.283179,84.28940686,5.710593137
0.1,0.18,1620.238744,1316.064963,84.28940686,5.710593137
0.1,0.19,1619.158444,1346.503796,84.28940686,5.710593137
0.1,0.2,1618.053419,1376.602019,84.28940686,5.710593137
0.1,0.21,1616.932984,1406.368292,84.28940686,5.710593137
0.1,0.22,1615.80816,1435.818748,84.28940686,5.710593137
0.11,-0.21,1653.403403,27.18908563,83.72270151,6.27729849
0.11,-0.2,1654.434951,58.07167742,83.72270151,6.27729849
0.11,-0.19,1655.452217,89.22047007,83.72270151,6.27729849
0.11,-0.18,1656.44455,120.6458297,83.72270151,6.27729849
0.11,-0.17,1657.403001,152.3516213,83.72270151,6.27729849
0.11,-0.16,1658.320138,184.3362476,83.72270151,6.27729849
0.11,-0.15,1659.189881,216.5935751,83.72270151,6.27729849
0.11,-0.14,1660.00733,249.1137531,83.72270151,6.27729849
0.11,-0.13,1660.768621,281.8839323,83.72270151,6.27729849
0.11,-0.12,1661.470774,314.8888897,83.72270151,6.27729849
0.11,-0.11,1662.111566,348.1115652,83.72270151,6.27729849
0.11,-0.1,1662.689406,381.5335165,83.72270151,6.27729849
0.11,-0.09,1663.203222,415.1352995,83.72270151,6.27729849
0.11,-0.08,1663.652355,448.8967785,83.72270151,6.27729849
0.11,-0.07,1664.036467,482.7973744,83.72270151,6.27729849
0.11,-0.06,1664.355459,516.8162563,83.72270151,6.27729849
0.11,-0.05,1664.609393,550.932483,83.72270151,6.27729849
0.11,-0.04,1664.79843,585.1250999,83.72270151,6.27729849
0.11,-0.03,1664.922778,619.3731991,83.72270151,6.27729849
0.11,-0.02,1664.982642,653.6559476,83.72270151,6.27729849
0.11,-0.01,1664.978195,687.9525905,83.72270151,6.27729849
0.11,0,1664.90955,722.2424357,83.72270151,6.27729849
0.11,0.01,1664.776746,756.5048253,83.72270151,6.27729849
0.11,0.02,1664.579744,790.7191014,83.72270151,6.27729849
0.11,0.03,1664.318431,824.8645718,83.72270151,6.27729849
0.11,0.04,1663.992634,858.9204816,83.72270151,6.27729849
0.11,0.05,1663.602147,892.865998,83.72270151,6.27729849
0.11,0.06,1663.146764,926.6802129,83.72270151,6.27729849
0.11,0.07,1662.626323,960.3421718,83.72270151,6.27729849
0.11,0.08,1662.040761,993.8309334,83.72270151,6.27729849
0.11,0.09,1661.390179,1027.125667,83.72270151,6.27729849
0.11,0.1,1660.674914,1060.205793,83.72270151,6.27729849
0.11,0.11,1659.895625,1093.051177,83.72270151,6.27729849
0.11,0.12,1659.053383,1125.642373,83.72270151,6.27729849
0.11,0.13,1658.149781,1157.96094,83.72270151,6.27729849
0.11,0.14,1657.187042,1189.989817,83.72270151,6.27729849
0.11,0.15,1656.168143,1221.713782,83.72270151,6.27729849
0.11,0.16,1655.096951,1253.119986,83.72270151,6.27729849
0.11,0.17,1653.978364,1284.198577,83.72270151,6.27729849
0.11,0.18,1652.818465,1314.943422,83.72270151,6.27729849
0.11,0.19,1651.624682,1345.352923,83.72270151,6.27729849
0.11,0.2,1650.405967,1375.430947,83.72270151,6.27729849
0.11,0.21,1649.172969,1405.187858,83.72270151,6.27729849
0.11,0.22,1647.938237,1434.641683,83.72270151,6.27729849
0.12,-0.21,1685.880298,28.26603794,83.15722659,6.842773413
0.12,-0.2,1686.997587,59.14173418,83.15722659,6.842773413
0.12,-0.19,1688.102908,90.27130831,83.15722659,6.842773413
0.12,-0.18,1689.184156,121.667016,83.15722659,6.842773413
0.12,-0.17,1690.231111,153.334416,83.15722659,6.842773413
0.12,-0.16,1691.235235,185.273419,83.15722659,6.842773413
0.12,-0.15,1692.189483,217.4792245,83.15722659,6.842773413
0.12,-0.14,1693.088128,249.9431493,83.15722659,6.842773413
0.12,-0.13,1693.926594,282.6533574,83.15722659,6.842773413
0.12,-0.12,1694.701297,315.5954945,83.15722659,6.842773413
0.12,-0.11,1695.409503,348.7532353,83.15722659,6.842773413
0.12,-0.1,1696.049191,382.1087486,83.15722659,6.842773413
0.12,-0.09,1696.618931,415.6430876,83.15722659,6.842773413
0.12,-0.08,1697.117769,449.3365112,83.15722659,6.842773413
0.12,-0.07,1697.545127,483.168742,83.15722659,6.842773413
0.12,-0.06,1697.900709,517.1191682,83.15722659,6.842773413
0.12,-0.05,1698.184424,551.1669956,83.15722659,6.842773413
0.12,-0.04,1698.396311,585.2913548,83.15722659,6.842773413
0.12,-0.03,1698.536484,619.4713713,83.15722659,6.842773413
0.12,-0.02,1698.605082,653.6862045,83.15722659,6.842773413
0.12,-0.01,1698.60223,687.9150609,83.15722659,6.842773413
0.12,0,1698.528015,722.1371892,83.15722659,6.842773413
0.12,0.01,1698.382467,756.3318618,83.15722659,6.842773413
0.12,0.02,1698.165556,790.4783514,83.15722659,6.842773413
0.12,0.03,1697.877196,824.5559065,83.15722659,6.842773413
0.12,0.04,1697.51726,858.5437337,83.15722659,6.842773413
0.12,0.05,1697.08561,892.4209923,83.15722659,6.842773413
0.12,0.06,1696.582133,926.1668079,83.15722659,6.842773413
0.12,0.07,1696.006787,959.7603111,83.15722659,6.842773413
0.12,0.08,1695.359667,993.1807077,83.15722659,6.842773413
0.12,0.09,1694.641066,1026.407386,83.15722659,6.842773413
0.12,0.1,1693.851564,1059.420068,83.15722659,6.842773413
0.12,0.11,1692.992113,1092.199013,83.15722659,6.842773413
0.12,0.12,1692.064144,1124.725275,83.15722659,6.842773413
0.12,0.13,1691.069678,1156.981022,83.15722659,6.842773413
0.12,0.14,1690.011449,1188.949928,83.15722659,6.842773413
0.12,0.15,1688.893041,1220.61764,83.15722659,6.842773413
0.12,0.16,1687.71903,1251.972321,83.15722659,6.842773413
0.12,0.17,1686.495144,1283.005289,83.15722659,6.842773413
0.12,0.18,1685.228426,1313.711742,83.15722659,6.842773413
0.12,0.19,1683.927415,1344.091592,83.15722659,6.842773413
0.12,0.2,1682.602332,1374.150397,83.15722659,6.842773413
0.12,0.21,1681.26528,1403.900413,83.15722659,6.842773413
0.12,0.22,1679.930453,1433.361761,83.15722659,6.842773413
0.13,-0.21,1718.201703,29.42173299,82.59308787,7.406912128
0.13,-0.2,1719.394607,60.29432002,82.59308787,7.406912128
0.13,-0.19,1720.579188,91.40685242,82.59308787,7.406912128
0.13,-0.18,1721.741766,122.7736667,82.59308787,7.406912128
0.13,-0.17,1722.870729,154.4021893,82.59308787,7.406912128
0.13,-0.16,1723.956316,186.2939974,82.59308787,7.406912128
0.13,-0.15,1724.990416,218.4457655,82.59308787,7.406912128
0.13,-0.14,1725.966372,250.8501072,82.59308787,7.406912128
0.13,-0.13,1726.878803,283.4963143,82.59308787,7.406912128
0.13,-0.12,1727.723435,316.3710039,82.59308787,7.406912128
0.13,-0.11,1728.496939,349.458676,82.59308787,7.406912128
0.13,-0.1,1729.196792,382.7421906,82.59308787,7.406912128
0.13,-0.09,1729.821137,416.2031686,82.59308787,7.406912128
0.13,-0.08,1730.368666,449.8223245,82.59308787,7.406912128
0.13,-0.07,1730.838503,483.5797358,82.59308787,7.406912128
0.13,-0.06,1731.23011,517.4550557,82.59308787,7.406912128
0.13,-0.05,1731.543197,551.4276768,82.59308787,7.406912128
0.13,-0.04,1731.777649,585.4768488,82.59308787,7.406912128
0.13,-0.03,1731.933455,619.581761,82.59308787,7.406912128
0.13,-0.02,1732.010665,653.7215911,82.59308787,7.406912128
0.13,-0.01,1732.009343,687.8755307,82.59308787,7.406912128
0.13,0,1731.929537,722.0227908,82.59308787,7.406912128
0.13,0.01,1731.771266,756.1425952,82.59308787,7.406912128
0.13,0.02,1731.534513,790.2141679,82.59308787,7.406912128
0.13,0.03,1731.219226,824.21672,82.59308787,7.406912128
0.13,0.04,1730.825343,858.1294428,82.59308787,7.406912128
0.13,0.05,1730.352816,891.9315144,82.59308787,7.406912128
0.13,0.06,1729.801652,925.6021236,82.59308787,7.406912128
0.13,0.07,1729.171968,959.1205205,82.59308787,7.406912128
0.13,0.08,1728.464055,992.4660975,82.59308787,7.406912128
0.13,0.09,1727.67845,1025.618508,82.59308787,7.406912128
0.13,0.1,1726.816028,1058.557829,82.59308787,7.406912128
0.13,0.11,1725.878099,1091.264776,82.59308787,7.406912128
0.13,0.12,1724.866519,1123.720969,82.59308787,7.406912128
0.13,0.13,1723.783811,1155.909268,82.59308787,7.406912128
0.13,0.14,1722.633303,1187.814173,82.59308787,7.406912128
0.13,0.15,1721.419271,1219.422302,82.59308787,7.406912128
0.13,0.16,1720.147095,1250.722946,82.59308787,7.406912128
0.13,0.17,1718.823431,1281.708719,82.59308787,7.406912128
0.13,0.18,1717.456392,1312.376295,82.59308787,7.406912128
0.13,0.19,1716.055738,1342.727251,82.59308787,7.406912128
0.13,0.2,1714.63308,1372.769015,82.59308787,7.406912128
0.13,0.21,1713.2021,1402.515921,82.59308787,7.406912128
0.13,0.22,1711.778773,1431.990397,82.59308787,7.406912128
0.14,-0.21,1750.362909,30.64439741,82.03038961,7.969610394
0.14,-0.2,1751.61946,61.51914125,82.03038961,7.969610394
0.14,-0.19,1752.872828,92.61815393,82.03038961,7.969610394
0.14,-0.18,1754.107619,123.9580506,82.03038961,7.969610394
0.14,-0.17,1755.3107,155.5483067,82.03038961,7.969610394
0.14,-0.16,1756.470966,187.3923299,82.03038961,7.969610394
0.14,-0.15,1757.579124,219.4884202,82.03038961,7.969610394
0.14,-0.14,1758.627477,251.8306222,82.03038961,7.969610394
0.14,-0.13,1759.60974,284.4094779,82.03038961,7.969610394
0.14,-0.12,1760.520851,317.2126846,82.03038961,7.969610394
0.14,-0.11,1761.356803,350.2256655,82.03038961,7.969610394
0.14,-0.1,1762.114487,383.4320581,82.03038961,7.969610394
0.14,-0.09,1762.791548,416.8141281,82.03038961,7.969610394
0.14,-0.08,1763.386255,450.3531137,82.03038961,7.969610394
0.14,-0.07,1763.897377,484.0295067,82.03038961,7.969610394
0.14,-0.06,1764.32408,517.8232785,82.03038961,7.969610394
0.14,-0.05,1764.665832,551.7140544,82.03038961,7.969610394
0.14,-0.04,1764.922319,585.6812449,82.03038961,7.969610394
0.14,-0.03,1765.093382,619.7041389,82.03038961,7.969610394
0.14,-0.02,1765.178952,653.7619658,82.03038961,7.969610394
0.14,-0.01,1765.179014,687.8339324,82.03038961,7.969610394
0.14,0,1765.093571,721.8992405,82.03038961,7.969610394
0.14,0.01,1764.922624,755.937093,82.03038961,7.969610394
0.14,0.02,1764.666172,789.9266927,82.03038961,7.969610394
0.14,0.03,1764.324212,823.8472415,82.03038961,7.969610394
0.14,0.04,1763.89676,857.6779462,82.03038961,7.969610394
0.14,0.05,1763.383882,891.3980362,82.03038961,7.969610394
0.14,0.06,1762.785741,924.9868003,82.03038961,7.969610394
0.14,0.07,1762.102648,958.423649,82.03038961,7.969610394
0.14,0.08,1761.335136,991.6882078,82.03038961,7.969610394
0.14,0.09,1760.484039,1024.760448,82.03038961,7.969610394
0.14,0.1,1759.550588,1057.620861,82.03038961,7.969610394
0.14,0.11,1758.536514,1090.250686,82.03038961,7.969610394
0.14,0.12,1757.444172,1122.632187,82.03038961,7.969610394
0.14,0.13,1756.276671,1154.749004,82.03038961,7.969610394
0.14,0.14,1755.038018,1186.586558,82.03038961,7.969610394
0.14,0.15,1753.733275,1218.132547,82.03038961,7.969610394
0.14,0.16,1752.368728,1249.377513,82.03038961,7.969610394
0.14,0.17,1750.952071,1280.315501,82.03038961,7.969610394
0.14,0.18,1749.492601,1310.94481,82.03038961,7.969610394
0.14,0.19,1748.00142,1341.268849,82.03038961,7.969610394
0.14,0.2,1746.491662,1371.297093,82.03038961,7.969610394
0.14,0.21,1744.978721,1401.046156,82.03038961,7.969610394
0.14,0.22,1743.480496,1430.540987,82.03038961,7.969610394
0.15,-0.22,1781.080356,1.215409425,81.46923439,8.53076561
0.15,-0.21,1782.362908,31.92021443,81.46923439,8.53076561
0.15,-0.2,1783.66906,62.80403164,81.46923439,8.53076561
0.15,-0.19,1784.978834,93.89455184,81.46923439,8.53076561
0.15,-0.18,1786.274974,125.2108742,81.46923439,8.53076561
0.15,-0.17,1787.542688,156.7647109,81.46923439,8.53076561
0.15,-0.16,1788.769396,188.5614726,81.46923439,8.53076561
0.15,-0.15,1789.944494,220.6012412,81.46923439,8.53076561
0.15,-0.14,1791.059134,252.8796351,81.46923439,8.53076561
0.15,-0.13,1792.106014,285.3885752,81.46923439,8.53076561
0.15,-0.12,1793.079185,318.1169555,81.46923439,8.53076561
0.15,-0.11,1793.973864,351.0512271,81.46923439,8.53076561
0.15,-0.1,1794.786273,384.1758993,81.46923439,8.53076561
0.15,-0.09,1795.513479,417.4739666,81.46923439,8.53076561
0.15,-0.08,1796.153255,450.9272658,81.46923439,8.53076561
0.15,-0.07,1796.703952,484.5167707,81.46923439,8.53076561
0.15,-0.06,1797.164383,518.2228303,81.46923439,8.53076561
0.15,-0.05,1797.533724,552.0253566,81.46923439,8.53076561
0.15,-0.04,1797.811425,585.9039689,81.46923439,8.53076561
0.15,-0.03,1797.997139,619.8380999,81.46923439,8.53076561
0.15,-0.02,1798.090656,653.8070707,81.46923439,8.53076561
0.15,-0.01,1798.091863,687.7901406,81.46923439,8.53076561
0.15,0,1798.000703,721.7665383,81.46923439,8.53076561
0.15,0.01,1797.81716,755.7154805,81.46923439,8.53076561
0.15,0.02,1797.54125,789.6161836,81.46923439,8.53076561
0.15,0.03,1797.173028,823.4478762,81.46923439,8.53076561
0.15,0.04,1796.712611,857.1898179,81.46923439,8.53076561
0.15,0.05,1796.160206,890.8213296,81.46923439,8.53076561
0.15,0.06,1795.516162,924.3218442,81.46923439,8.53076561
0.15,0.07,1794.781028,957.6709807,81.46923439,8.53076561
0.15,0.08,1793.955628,990.8486514,81.46923439,8.53076561
0.15,0.09,1793.041148,1023.835205,81.46923439,8.53076561
0.15,0.1,1792.039238,1056.611616,81.46923439,8.53076561
0.15,0.11,1790.952126,1089.15972,81.46923439,8.53076561
0.15,0.12,1789.782743,1121.462512,81.46923439,8.53076561
0.15,0.13,1788.534869,1153.504502,81.46923439,8.53076561
0.15,0.14,1787.213286,1185.272141,81.46923439,8.53076561
0.15,0.15,1785.823942,1216.754322,81.46923439,8.53076561
0.15,0.16,1784.374141,1247.942966,81.46923439,8.53076561
0.15,0.17,1782.872729,1278.833692,81.46923439,8.53076561
0.15,0.18,1781.330312,1309.426582,81.46923439,8.53076561
0.15,0.19,1779.759468,1339.727047,81.46923439,8.53076561
0.15,0.2,1778.174991,1369.746798,81.46923439,8.53076561
0.15,0.21,1776.594135,1399.504935,81.46923439,8.53076561
0.15,0.22,1775.036879,1429.029148,81.46923439,8.53076561
0.16,-0.22,1812.900208,2.487855372,80.90972308,9.090276921
0.16,-0.21,1814.205081,33.23306975,80.90972308,9.090276921
0.16,-0.2,1815.544451,64.1347103,80.90972308,9.090276921
0.16,-0.19,1816.896096,95.2234427,80.90972308,9.090276921
0.16,-0.18,1818.240742,126.521063,80.90972308,9.090276921
0.16,-0.17,1819.561789,158.0417164,80.90972308,9.090276921
0.16,-0.16,1820.845038,189.7929962,80.90972308,9.090276921
0.16,-0.15,1822.078444,221.7769306,80.90972308,9.090276921
0.16,-0.14,1823.25188,253.9908623,80.90972308,9.090276921
0.16,-0.13,1824.356912,286.4282277,80.90972308,9.090276921
0.16,-0.12,1825.386593,319.079242,80.90972308,9.090276921
0.16,-0.11,1826.335266,351.9314965,80.90972308,9.090276921
0.16,-0.1,1827.198389,384.9704742,80.90972308,9.090276921
0.16,-0.09,1827.972366,418.1799903,80.90972308,9.090276921
0.16,-0.08,1828.654399,451.5425633,80.90972308,9.090276921
0.16,-0.07,1829.242351,485.0397238,80.90972308,9.090276921
0.16,-0.06,1829.734621,518.6522662,80.90972308,9.090276921
0.16,-0.05,1830.130042,552.3604509,80.90972308,9.090276921
0.16,-0.04,1830.427784,586.1441618,80.90972308,9.090276921
0.16,-0.03,1830.627273,619.9830269,80.90972308,9.090276921
0.16,-0.02,1830.728133,653.8565072,80.90972308,9.090276921
0.16,-0.01,1830.730129,687.74396,80.90972308,9.090276921
0.16,0,1830.633135,721.6246843,80.90972308,9.090276921
0.16,0.01,1830.437112,755.477953,80.90972308,9.090276921
0.16,0.02,1830.142099,789.283039,80.90972308,9.090276921
0.16,0.03,1829.748222,823.0192412,80.90972308,9.090276921
0.16,0.04,1829.255715,856.665917,80.90972308,9.090276921
0.16,0.05,1828.664957,890.2025273,80.90972308,9.090276921
0.16,0.06,1827.976519,923.6087002,80.90972308,9.090276921
0.16,0.07,1827.191232,956.8643196,80.90972308,9.090276921
0.16,0.08,1826.310263,989.9496458,80.90972308,9.090276921
0.16,0.09,1825.335213,1022.845473,80.90972308,9.090276921
0.16,0.1,1824.268219,1055.533333,80.90972308,9.090276921
0.16,0.11,1823.112079,1087.995742,80.90972308,9.090276921
0.16,0.12,1821.870389,1120.216518,80.90972308,9.090276921
0.16,0.13,1820.547691,1152.181142,80.90972308,9.090276921
0.16,0.14,1819.149642,1183.877205,80.90972308,9.090276921
0.16,0.15,1817.683188,1215.294924,80.90972308,9.090276921
0.16,0.16,1816.156765,1246.427734,80.90972308,9.090276921
0.16,0.17,1814.580499,1277.272979,80.90972308,9.090276921
0.16,0.18,1812.966436,1307.832686,80.90972308,9.090276921
0.16,0.19,1811.328772,1338.114448,80.90972308,9.090276921
0.16,0.2,1809.68411,1368.132411,80.90972308,9.090276921
0.16,0.21,1808.051723,1397.908372,80.90972308,9.090276921
0.16,0.22,1806.453833,1427.472994,80.90972308,9.090276921
0.17,-0.22,1844.591983,3.765423982,80.35195468,9.648045316
0.17,-0.21,1845.897958,34.56427844,80.35195468,9.648045316
0.17,-0.2,1847.251551,65.49452168,80.35195468,9.648045316
0.17,-0.19,1848.628117,96.59003357,80.35195468,9.648045316
0.17,-0.18,1850.0062,127.8755284,80.35195468,9.648045316
0.17,-0.17,1851.367227,159.3677885,80.35195468,9.648045316
0.17,-0.16,1852.695232,191.0767782,80.35195468,9.648045316
0.17,-0.15,1853.976589,223.006645,80.35195468,9.648045316
0.17,-0.14,1855.199756,255.1566142,80.35195468,9.648045316
0.17,-0.13,1856.355043,287.521783,80.35195468,9.648045316
0.17,-0.12,1857.434389,320.0938201,80.35195468,9.648045316
0.17,-0.11,1858.431154,352.8615782,80.35195468,9.648045316
0.17,-0.1,1859.339933,385.8116242,80.35195468,9.648045316
0.17,-0.09,1860.156378,418.9286941,80.35195468,9.648045316
0.17,-0.08,1860.877038,452.1960797,80.35195468,9.648045316
0.17,-0.07,1861.499213,485.5959513,80.35195468,9.648045316
0.17,-0.06,1862.020827,519.109625,80.35195468,9.648045316
0.17,-0.05,1862.440311,552.7177792,80.35195468,9.648045316
0.17,-0.04,1862.756506,586.400627,80.35195468,9.648045316
0.17,-0.03,1862.968578,620.1380518,80.35195468,9.648045316
0.17,-0.02,1863.075949,653.9097106,80.35195468,9.648045316
0.17,-0.01,1863.078244,687.6951124,80.35195468,9.648045316
0.17,0,1862.975255,721.4736784,80.35195468,9.648045316
0.17,0.01,1862.766914,755.2247888,80.35195468,9.648045316
0.17,0.02,1862.453288,788.9278238,80.35195468,9.648045316
0.17,0.03,1862.034586,822.5622045,80.35195468,9.648045316
0.17,0.04,1861.511184,856.10744,80.35195468,9.648045316
0.17,0.05,1860.883658,889.5431872,80.35195468,9.648045316
0.17,0.06,1860.152843,922.8493296,80.35195468,9.648045316
0.17,0.07,1859.319899,956.0060803,80.35195468,9.648045316
0.17,0.08,1858.386393,988.9941176,80.35195468,9.648045316
0.17,0.09,1857.354403,1021.794758,80.35195468,9.648045316
0.17,0.1,1856.226627,1054.390171,80.35195468,9.648045316
0.17,0.11,1855.006517,1086.763649,80.35195468,9.648045316
0.17,0.12,1853.698422,1118.899928,80.35195468,9.648045316
0.17,0.13,1852.307746,1150.785575,80.35195468,9.648045316
0.17,0.14,1850.841128,1182.409442,80.35195468,9.648045316
0.17,0.15,1849.30663,1213.763198,80.35195468,9.648045316
0.17,0.16,1847.713943,1244.841941,80.35195468,9.648045316
0.17,0.17,1846.074606,1275.644895,80.35195468,9.648045316
0.17,0.18,1844.402249,1306.176208,80.35195468,9.648045316
0.17,0.19,1842.712836,1336.445845,80.35195468,9.648045316
0.17,0.2,1841.024939,1366.470588,80.35195468,9.648045316
0.17,0.21,1839.360016,1396.275151,80.35195468,9.648045316
0.17,0.22,1837.74271,1425.893414,80.35195468,9.648045316
0.18,-0.22,1876.173358,5.024142261,79.79602628,10.20397372
0.18,-0.21,1877.456088,35.89229311,79.79602628,10.20397372
0.18,-0.2,1878.802001,66.86415763,79.79602628,10.20397372
0.18,-0.19,1880.183845,97.97707795,79.79602628,10.20397372
0.18,-0.18,1881.577798,129.2589169,79.79602628,10.20397372
0.18,-0.17,1882.963151,160.7293071,79.79602628,10.20397372
0.18,-0.16,1884.322009,192.4007808,79.79602628,10.20397372
0.18,-0.15,1885.639012,224.2797867,79.79602628,10.20397372
0.18,-0.14,1886.901062,256.3676003,79.79602628,10.20397372
0.18,-0.13,1888.09708,288.6611333,79.79602628,10.20397372
0.18,-0.12,1889.217768,321.1536498,79.79602628,10.20397372
0.18,-0.11,1890.25539,353.8353934,79.79602628,10.20397372
0.18,-0.1,1891.203572,386.6941336,79.79602628,10.20397372
0.18,-0.09,1892.057116,419.715637,79.79602628,10.20397372
0.18,-0.08,1892.811833,452.8840684,79.79602628,10.20397372
0.18,-0.07,1893.464382,486.1823303,79.79602628,10.20397372
0.18,-0.06,1894.012141,519.5923453,79.79602628,10.20397372
0.18,-0.05,1894.453083,553.0952884,79.79602628,10.20397372
0.18,-0.04,1894.78567,586.6717754,79.79602628,10.20397372
0.18,-0.03,1895.008762,620.3020138,79.79602628,10.20397372
0.18,-0.02,1895.121552,653.9659217,79.79602628,10.20397372
0.18,-0.01,1895.1235,687.6432227,79.79602628,10.20397372
0.18,0,1895.014302,721.3135207,79.79602628,10.20397372
0.18,0.01,1894.793856,754.956363,79.79602628,10.20397372
0.18,0.02,1894.462263,788.5512971,79.79602628,10.20397372
0.18,0.03,1894.01983,822.077927,79.79602628,10.20397372
0.18,0.04,1893.467093,855.515976,79.79602628,10.20397372
0.18,0.05,1892.804863,888.8453625,79.79602628,10.20397372
0.18,0.06,1892.034276,922.0462938,79.79602628,10.20397372
0.18,0.07,1891.156873,955.0993857,79.79602628,10.20397372
0.18,0.08,1890.174679,987.9858134,79.79602628,10.20397372
0.18,0.09,1889.090319,1020.687499,79.79602628,10.20397372
0.18,0.1,1887.90713,1053.187346,79.79602628,10.20397372
0.18,0.11,1886.629304,1085.469518,79.79602628,10.20397372
0.18,0.12,1885.262038,1117.519783,79.79602628,10.20397372
0.18,0.13,1883.811706,1149.325909,79.79602628,10.20397372
0.18,0.14,1882.286044,1180.87814,79.79602628,10.20397372
0.18,0.15,1880.694349,1212.169741,79.79602628,10.20397372
0.18,0.16,1879.047703,1243.197622,79.79602628,10.20397372
0.18,0.17,1877.3592,1273.963061,79.79602628,10.20397372
0.18,0.18,1875.644204,1304.472504,79.79602628,10.20397372
0.18,0.19,1873.920606,1334.738485,79.79602628,10.20397372
0.18,0.2,1872.209118,1364.780637,79.79602628,10.20397372
0.18,0.21,1870.533561,1394.626821,79.79602628,10.20397372
0.18,0.22,1868.921187,1424.31438,79.79602628,10.20397372
0.19,-0.22,1907.669318,6.236628161,79.24203291,10.75796709
0.19,-0.21,1908.900997,37.19239327,79.24203291,10.75796709
0.19,-0.2,1910.214109,68.22136144,79.24203291,10.75796709
0.19,-0.19,1911.578594,99.3645947,79.24203291,10.75796709
0.19,-0.18,1912.968077,130.653344,79.24203291,10.75796709
0.19,-0.17,1914.359532,162.1103148,79.24203291,10.75796709
0.19,-0.16,1915.732967,193.7508139,79.24203291,10.75796709
0.19,-0.15,1917.071125,225.5837822,79.24203291,10.75796709
0.19,-0.14,1918.359207,257.6127223,79.24203291,10.75796709
0.19,-0.13,1919.584601,289.836524,79.24203291,10.75796709
0.19,-0.12,1920.736642,322.2501973,79.24203291,10.75796709
0.19,-0.11,1921.806376,354.8455162,79.24203291,10.75796709
0.19,-0.1,1922.786349,387.6115815,79.24203291,10.75796709
0.19,-0.09,1923.670414,420.5353083,79.24203291,10.75796709
0.19,-0.08,1924.453547,453.6018445,79.24203291,10.75796709
0.19,-0.07,1925.131688,486.7949262,79.24203291,10.75796709
0.19,-0.06,1925.701596,520.0971769,79.24203291,10.75796709
0.19,-0.05,1926.16072,553.4903564,79.24203291,10.75796709
0.19,-0.04,1926.507089,586.9555658,79.24203291,10.75796709
0.19,-0.03,1926.739219,620.4734148,79.24203291,10.75796709
0.19,-0.02,1926.856035,654.0241577,79.24203291,10.75796709
0.19,-0.01,1926.856811,687.5878041,79.24203291,10.75796709
0.19,0,1926.741129,721.144211,79.24203291,10.75796709
0.19,0.01,1926.508853,754.6731623,79.24203291,10.75796709
0.19,0.02,1926.160119,788.1544419,79.24203291,10.75796709
0.19,0.03,1925.695346,821.5679067,79.24203291,10.75796709
0.19,0.04,1925.115258,854.8935664,79.24203291,10.75796709
0.19,0.05,1924.420931,888.1116752,79.24203291,10.75796709
0.19,0.06,1923.613849,921.2028429,79.24203291,10.75796709
0.19,0.07,1922.695984,954.1481705,79.24203291,10.75796709
0.19,0.08,1921.669885,986.929418,79.24203291,10.75796709
0.19,0.09,1920.538795,1019.529209,79.24203291,10.75796709
0.19,0.1,1919.306772,1051.931279,79.24203291,10.75796709
0.19,0.11,1917.978841,1084.120776,79.24203291,10.75796709
0.19,0.12,1916.561149,1116.084616,79.24203291,10.75796709
0.19,0.13,1915.061151,1147.811899,79.24203291,10.75796709
0.19,0.14,1913.487799,1179.294399,79.24203291,10.75796709
0.19,0.15,1911.851759,1210.527126,79.24203291,10.75796709
0.19,0.16,1910.165643,1241.50897,79.24203291,10.75796709
0.19,0.17,1908.444251,1272.243434,79.24203291,10.75796709
0.19,0.18,1906.704838,1302.739458,79.24203291,10.75796709
0.19,0.19,1904.967397,1333.012349,79.24203291,10.75796709
0.19,0.2,1903.254954,1363.084814,79.24203291,10.75796709
0.19,0.21,1901.593885,1392.988101,79.24203291,10.75796709
0.19,0.22,1900.014248,1422.763275,79.24203291,10.75796709
0.2,-0.22,1939.113242,7.371745375,78.69006753,11.30993247
0.2,-0.21,1940.262261,38.43635575,78.69006753,11.30993247
0.2,-0.2,1941.513899,69.54061413,78.69006753,11.30993247
0.2,-0.19,1942.835081,100.7295699,78.69006753,11.30993247
0.2,-0.18,1944.19668,132.0381117,78.69006753,11.30993247
0.2,-0.17,1945.573161,163.4922506,78.69006753,11.30993247
0.2,-0.16,1946.942257,195.110284,78.69006753,11.30993247
0.2,-0.15,1948.284648,226.9038465,78.69006753,11.30993247
0.2,-0.14,1949.583671,258.8788543,78.69006753,11.30993247
0.2,-0.13,1950.825037,291.0363489,78.69006753,11.30993247
0.2,-0.12,1951.996573,323.3732471,78.69006753,11.30993247
0.2,-0.11,1953.087979,355.8830021,78.69006753,11.30993247
0.2,-0.1,1954.090607,388.5561845,78.69006753,11.30993247
0.2,-0.09,1954.997248,421.3809868,78.69006753,11.30993247
0.2,-0.08,1955.801951,454.3436592,78.69006753,11.30993247
0.2,-0.07,1956.499848,487.428883,78.69006753,11.30993247
0.2,-0.06,1957.087,520.620087,78.69006753,11.30993247
0.2,-0.05,1957.56027,553.8997137,78.69006753,11.30993247
0.2,-0.04,1957.917197,587.2494422,78.69006753,11.30993247
0.2,-0.03,1958.155903,620.6503728,78.69006753,11.30993247
0.2,-0.02,1958.275013,654.0831803,78.69006753,11.30993247
0.2,-0.01,1958.273587,687.5282425,78.69006753,11.30993247
0.2,0,1958.151081,720.9657495,78.69006753,11.30993247
0.2,0.01,1957.907316,754.3758009,78.69006753,11.30993247
0.2,0.02,1957.54247,787.7384962,78.69006753,11.30993247
0.2,0.03,1957.057089,821.0340257,78.69006753,11.30993247
0.2,0.04,1956.452111,854.2427669,78.69006753,11.30993247
0.2,0.05,1955.728913,887.3453949,78.69006753,11.30993247
0.2,0.06,1954.889373,920.3230098,78.69006753,11.30993247
0.2,0.07,1953.935949,953.1572907,78.69006753,11.30993247
0.2,0.08,1952.871781,985.8306803,78.69006753,11.30993247
0.2,0.09,1951.700807,1018.326607,78.69006753,11.30993247
0.2,0.1,1950.427894,1050.629753,78.69006753,11.30993247
0.2,0.11,1949.058995,1082.726367,78.69006753,11.30993247
0.2,0.12,1947.601317,1114.604643,78.69006753,11.30993247
0.2,0.13,1946.06351,1146.255151,78.69006753,11.30993247
0.2,0.14,1944.455873,1177.671344,78.69006753,11.30993247
0.2,0.15,1942.790579,1208.850139,78.69006753,11.30993247
0.2,0.16,1941.081916,1239.792577,78.69006753,11.30993247
0.2,0.17,1939.346549,1270.504575,78.69006753,11.30993247
0.2,0.18,1937.603796,1300.997767,78.69006753,11.30993247
0.2,0.19,1935.875927,1331.290451,78.69006753,11.30993247
0.2,0.2,1934.188473,1361.408638,78.69006753,11.30993247
0.2,0.21,1932.570564,1391.387216,78.69006753,11.30993247
0.2,0.22,1931.055273,1421.271235,78.69006753,11.30993247
0.21,-0.22,1970.548108,8.394238404,78.14022088,11.85977912
0.21,-0.21,1971.578686,39.59210642,78.14022088,11.85977912
0.21,-0.2,1972.736279,70.7928026,78.14022088,11.85977912
0.21,-0.19,1973.984575,102.0456417,78.14022088,11.85977912
0.21,-0.18,1975.291483,133.3894102,78.14022088,11.85977912
0.21,-0.17,1976.628765,164.8536677,78.14022088,11.85977912
0.21,-0.16,1977.971687,196.4599291,78.14022088,11.85977912
0.21,-0.15,1979.29869,228.2227343,78.14022088,11.85977912
0.21,-0.14,1980.591079,260.1506107,78.14022088,11.85977912
0.21,-0.13,1981.832731,292.2469351,78.14022088,11.85977912
0.21,-0.12,1983.009822,324.5107023,78.14022088,11.85977912
0.21,-0.11,1984.110572,356.9372047,78.14022088,11.85977912
0.21,-0.1,1985.12501,389.5186314,78.14022088,11.85977912
0.21,-0.09,1986.044759,422.2445913,78.14022088,11.85977912
0.21,-0.08,1986.862834,455.102567,78.14022088,11.85977912
0.21,-0.07,1987.573468,488.078307,78.14022088,11.85977912
0.21,-0.06,1988.171946,521.1561601,78.14022088,11.85977912
0.21,-0.05,1988.654471,554.3193602,78.14022088,11.85977912
0.21,-0.04,1989.018035,587.5502676,78.14022088,11.85977912
0.21,-0.03,1989.260319,620.8305717,78.14022088,11.85977912
0.21,-0.02,1989.379607,654.141463,78.14022088,11.85977912
0.21,-0.01,1989.374721,687.4637798,78.14022088,11.85977912
0.21,0,1989.244973,720.7781361,78.14022088,11.85977912
0.21,0.01,1988.990137,754.0650368,78.14022088,11.85977912
0.21,0.02,1988.610437,787.3049867,78.14022088,11.85977912
0.21,0.03,1988.106564,820.4786,78.14022088,11.85977912
0.21,0.04,1987.479695,853.5667147,78.14022088,11.85977912
0.21,0.05,1986.731546,886.5505216,78.14022088,11.85977912
0.21,0.06,1985.864437,919.4117099,78.14022088,11.85977912
0.21,0.07,1984.881374,952.1326399,78.14022088,11.85977912
0.21,0.08,1983.786156,984.6965457,78.14022088,11.85977912
0.21,0.09,1982.583496,1017.087776,78.14022088,11.85977912
0.21,0.1,1981.279162,1049.292079,78.14022088,11.85977912
0.21,0.11,1979.880138,1081.296938,78.14022088,11.85977912
0.21,0.12,1978.394803,1113.091961,78.14022088,11.85977912
0.21,0.13,1976.833128,1144.669338,78.14022088,11.85977912
0.21,0.14,1975.206891,1176.024361,78.14022088,11.85977912
0.21,0.15,1973.529917,1207.156024,78.14022088,11.85977912
0.21,0.16,1971.818329,1238.067705,78.14022088,11.85977912
0.21,0.17,1970.090823,1268.767931,78.14022088,11.85977912
0.21,0.18,1968.368956,1299.271242,78.14022088,11.85977912
0.21,0.19,1966.677463,1329.599153,78.14022088,11.85977912
0.21,0.2,1965.044582,1359.781223,78.14022088,11.85977912
0.21,0.21,1963.502404,1389.856238,78.14022088,11.85977912
0.21,0.22,1962.087242,1419.873515,78.14022088,11.85977912
0.22,-0.22,2002.027816,9.264347908,77.59258147,12.40741853
0.22,-0.21,2002.899614,40.62335296,77.59258147,12.40741853
0.22,-0.2,2003.926322,71.94486999,77.59258147,12.40741853
0.22,-0.19,2005.068159,103.2827682,77.59258147,12.40741853
0.22,-0.18,2006.28985,134.6800028,77.59258147,12.40741853
0.22,-0.17,2007.560243,166.1699361,77.59258147,12.40741853
0.22,-0.16,2008.85194,197.7775385,77.59258147,12.40741853
0.22,-0.15,2010.140956,229.520478,77.59258147,12.40741853
0.22,-0.14,2011.40639,261.4101012,77.59258147,12.40741853
0.22,-0.13,2012.630121,293.4523154,77.59258147,12.40741853
0.22,-0.12,2013.796521,325.6483755,77.59258147,12.40741853
0.22,-0.11,2014.892188,357.9955839,77.59258147,12.40741853
0.22,-0.1,2015.905701,390.4879082,77.59258147,12.40741853
0.22,-0.09,2016.827391,423.1165234,77.59258147,12.40741853
0.22,-0.08,2017.649136,455.870286,77.59258147,12.40741853
0.22,-0.07,2018.364172,488.7361445,77.59258147,12.40741853
0.22,-0.06,2018.966924,521.6994936,77.59258147,12.40741853
0.22,-0.05,2019.452861,554.7444783,77.59258147,12.40741853
0.22,-0.04,2019.818366,587.854254,77.59258147,12.40741853
0.22,-0.03,2020.060628,621.0112091,77.59258147,12.40741853
0.22,-0.02,2020.177553,654.1971559,77.59258147,12.40741853
0.22,-0.01,2020.167693,687.3934967,77.59258147,12.40741853
0.22,0,2020.0302,720.5813709,77.59258147,12.40741853
0.22,0.01,2019.764794,753.7417894,77.59258147,12.40741853
0.22,0.02,2019.371756,786.8557633,77.59258147,12.40741853
0.22,0.03,2018.851933,819.904432,77.59258147,12.40741853
0.22,0.04,2018.206773,852.8691978,77.59258147,12.40741853
0.22,0.05,2017.438369,885.731873,77.59258147,12.40741853
0.22,0.06,2016.549533,918.4748459,77.59258147,12.40741853
0.22,0.07,2015.543883,951.0812719,77.59258147,12.40741853
0.22,0.08,2014.425949,983.5352962,77.59258147,12.40741853
0.22,0.09,2013.201306,1015.822313,77.59258147,12.40741853
0.22,0.1,2011.876717,1047.929272,77.59258147,12.40741853
0.22,0.11,2010.460305,1079.845028,77.59258147,12.40741853
0.22,0.12,2008.96174,1111.560757,77.59258147,12.40741853
0.22,0.13,2007.392442,1143.070427,77.59258147,12.40741853
0.22,0.14,2005.765812,1174.371339,77.59258147,12.40741853
0.22,0.15,2004.09748,1205.46475,77.59258147,12.40741853
0.22,0.16,2002.405565,1236.356565,77.59258147,12.40741853
0.22,0.17,2000.71097,1267.058132,77.59258147,12.40741853
0.22,0.18,1999.037679,1297.587119,77.59258147,12.40741853
0.22,0.19,1997.413089,1327.968496,77.59258147,12.40741853
0.22,0.2,1995.868354,1358.235625,77.59258147,12.40741853
0.22,0.21,1994.438748,1388.431461,77.59258147,12.40741853
0.22,0.22,1993.164051,1418.609875,77.59258147,12.40741853
0.23,-0.22,2033.618629,9.937406324,77.04723549,12.95276451
0.23,-0.21,2034.286349,41.48919894,77.04723549,12.95276451
0.23,-0.2,2035.140678,72.95944805,77.04723549,12.95276451
0.23,-0.19,2036.138126,104.4068779,77.04723549,12.95276451
0.23,-0.18,2037.240002,135.8788952,77.04723549,12.95276451
0.23,-0.17,2038.412022,167.4129305,77.04723549,12.95276451
0.23,-0.16,2039.623917,199.0376594,77.04723549,12.95276451
0.23,-0.15,2040.849079,230.7741118,77.04723549,12.95276451
0.23,-0.14,2042.064219,262.6366739,77.04723549,12.95276451
0.23,-0.13,2043.249046,294.6339894,77.04723549,12.95276451
0.23,-0.12,2044.385967,326.7697679,77.04723549,12.95276451
0.23,-0.11,2045.459811,359.0435035,77.04723549,12.95276451
0.23,-0.1,2046.457569,391.4511138,77.04723549,12.95276451
0.23,-0.09,2047.36816,423.9855019,77.04723549,12.95276451
0.23,-0.08,2048.182208,456.6370506,77.04723549,12.95276451
0.23,-0.07,2048.891853,489.3940531,77.04723549,12.95276451
0.23,-0.06,2049.490572,522.2430873,77.04723549,12.95276451
0.23,-0.05,2049.973023,555.1693403,77.04723549,12.95276451
0.23,-0.04,2050.334914,588.1568887,77.04723549,12.95276451
0.23,-0.03,2050.572888,621.188941,77.04723549,12.95276451
0.23,-0.02,2050.684431,654.248049,77.04723549,12.95276451
0.23,-0.01,2050.667798,687.3162939,77.04723549,12.95276451
0.23,0,2050.521962,720.3754537,77.04723549,12.95276451
0.23,0.01,2050.246586,753.4071579,77.04723549,12.95276451
0.23,0.02,2049.842007,786.393036,77.04723549,12.95276451
0.23,0.03,2049.309252,819.3148659,77.04723549,12.95276451
0.23,0.04,2048.650066,852.1547289,77.04723549,12.95276451
0.23,0.05,2047.866963,884.8951767,77.04723549,12.95276451
0.23,0.06,2046.9633,917.519418,77.04723549,12.95276451
0.23,0.07,2045.943369,950.0115291,77.04723549,12.95276451
0.23,0.08,2044.812512,982.3566973,77.04723549,12.95276451
0.23,0.09,2043.577252,1014.541501,77.04723549,12.95276451
0.23,0.1,2042.24545,1046.554232,77.04723549,12.95276451
0.23,0.11,2040.826479,1078.385274,77.04723549,12.95276451
0.23,0.12,2039.331423,1110.027531,77.04723549,12.95276451
0.23,0.13,2037.77329,1141.476919,77.04723549,12.95276451
0.23,0.14,2036.167252,1172.732933,77.04723549,12.95276451
0.23,0.15,2034.530899,1203.799282,77.04723549,12.95276451
0.23,0.16,2032.884525,1234.68461,77.04723549,12.95276451
0.23,0.17,2031.251418,1265.403303,77.04723549,12.95276451
0.23,0.18,2029.658187,1295.976392,77.04723549,12.95276451
0.23,0.19,2028.135098,1326.432552,77.04723549,12.95276451
0.23,0.2,2026.716439,1356.809212,77.04723549,12.95276451
0.23,0.21,2025.440897,1387.153781,77.04723549,12.95276451
0.23,0.22,2024.351966,1417.524982,77.04723549,12.95276451
0.24,-0.22,2065.400759,10.36341376,76.50426672,13.49573328
0.24,-0.21,2065.813714,42.14373889,76.50426672,13.49573328
0.24,-0.2,2066.449113,73.7944716,76.50426672,13.49573328
0.24,-0.19,2067.259499,105.3795038,76.50426672,13.49573328
0.24,-0.18,2068.202529,136.9509886,76.50426672,13.49573328
0.24,-0.17,2069.240552,168.5507024,76.50426672,13.49573328
0.24,-0.16,2070.340215,200.2112876,76.50426672,13.49573328
0.24,-0.15,2071.472083,231.9573826,76.50426672,13.49573328
0.24,-0.14,2072.610285,263.8066447,76.50426672,13.49573328
0.24,-0.13,2073.73218,295.7706732,76.50426672,13.49573328
0.24,-0.12,2074.818046,327.8558378,76.50426672,13.49573328
0.24,-0.11,2075.850786,360.064019,76.50426672,13.49573328
0.24,-0.1,2076.815663,392.393268,76.50426672,13.49573328
0.24,-0.09,2077.70005,424.8383896,76.50426672,13.49573328
0.24,-0.08,2078.493202,457.3914577,76.50426672,13.49573328
0.24,-0.07,2079.186059,490.0422667,76.50426672,13.49573328
0.24,-0.06,2079.771053,522.7787275,76.50426672,13.49573328
0.24,-0.05,2080.241954,555.5872127,76.50426672,13.49573328
0.24,-0.04,2080.593726,588.4528575,76.50426672,13.49573328
0.24,-0.03,2080.822411,621.3598241,76.50426672,13.49573328
0.24,-0.02,2080.925031,654.2915335,76.50426672,13.49573328
0.24,-0.01,2080.899512,687.2308731,76.50426672,13.49573328
0.24,0,2080.744632,720.1603847,76.50426672,13.49573328
0.24,0.01,2080.459987,753.0624407,76.50426672,13.49573328
0.24,0.02,2080.04598,785.9194135,76.50426672,13.49573328
0.24,0.03,2079.503835,818.7138448,76.50426672,13.49573328
0.24,0.04,2078.835624,851.4286221,76.50426672,13.49573328
0.24,0.05,2078.044326,884.0471663,76.50426672,13.49573328
0.24,0.06,2077.1339,916.5536397,76.50426672,13.49573328
0.24,0.07,2076.10938,948.9331775,76.50426672,13.49573328
0.24,0.08,2074.976998,981.1721522,76.50426672,13.49573328
0.24,0.09,2073.74432,1013.258475,76.50426672,13.49573328
0.24,0.1,2072.420408,1045.18194,76.50426672,13.49573328
0.24,0.11,2071.016005,1076.934621,76.50426672,13.49573328
0.24,0.12,2069.54374,1108.511323,76.50426672,13.49573328
0.24,0.13,2068.018348,1139.910097,76.50426672,13.49573328
0.24,0.14,2066.456927,1171.132824,76.50426672,13.49573328
0.24,0.15,2064.8792,1202.185873,76.50426672,13.49573328
0.24,0.16,2063.307806,1233.080844,76.50426672,13.49573328
0.24,0.17,2061.768618,1263.835394,76.50426672,13.49573328
0.24,0.18,2060.291069,1294.474161,76.50426672,13.49573328
0.24,0.19,2058.908514,1325.029788,76.50426672,13.49573328
0.24,0.2,2057.658602,1355.544051,76.50426672,13.49573328
0.24,0.21,2056.583677,1386.069103,76.50426672,13.49573328
0.24,0.22,2055.731197,1416.668837,76.50426672,13.49573328
0.25,-0.22,2097.47008,10.48659415,75.96375653,14.03624347
0.25,-0.21,2097.571754,42.53563475,75.96375653,14.03624347
0.25,-0.2,2097.93619,74.40277502,75.96375653,14.03624347
0.25,-0.19,2098.511699,106.1574,75.96375653,14.03624347
0.25,-0.18,2099.252031,137.8567165,75.96375653,14.03624347
0.25,-0.17,2100.115934,169.5471372,75.96375653,14.03624347
0.25,-0.16,2101.066743,201.2655455,75.96375653,14.03624347
0.25,-0.15,2102.071981,233.0404471,75.96375653,14.03624347
0.25,-0.14,2103.102997,264.8930156,75.96375653,14.03624347
0.25,-0.13,2104.134613,296.8380366,75.96375653,14.03624347
0.25,-0.12,2105.144801,328.8847588,75.96375653,14.03624347
0.25,-0.11,2106.114379,361.037656,75.96375653,14.03624347
0.25,-0.1,2107.026731,393.2971092,75.96375653,14.03624347
0.25,-0.09,2107.86755,425.6600114,75.96375653,14.03624347
0.25,-0.08,2108.624602,458.1203047,75.96375653,14.03624347
0.25,-0.07,2109.287511,490.6694545,75.96375653,14.03624347
0.25,-0.06,2109.847572,523.2968666,75.96375653,14.03624347
0.25,-0.05,2110.297581,555.9902547,75.96375653,14.03624347
0.25,-0.04,2110.631688,588.7359636,75.96375653,14.03624347
0.25,-0.03,2110.845275,621.519255,75.96375653,14.03624347
0.25,-0.02,2110.934855,654.3245617,75.96375653,14.03624347
0.25,-0.01,2110.897993,687.1357167,75.96375653,14.03624347
0.25,0,2110.733251,719.9361638,75.96375653,14.03624347
0.25,0.01,2110.440154,752.7091554,75.96375653,14.03624347
0.25,0.02,2110.019177,785.4379435,75.96375653,14.03624347
0.25,0.03,2109.471758,818.1059721,75.96375653,14.03624347
0.25,0.04,2108.800332,850.6970742,75.96375653,14.03624347
0.25,0.05,2108.008386,883.1956825,75.96375653,14.03624347
0.25,0.06,2107.100538,915.5870588,75.96375653,14.03624347
0.25,0.07,2106.082637,947.8575479,75.96375653,14.03624347
0.25,0.08,2104.961889,979.9948634,75.96375653,14.03624347
0.25,0.09,2103.746998,1011.988411,75.96375653,14.03624347
0.25,0.1,2102.44834,1043.829657,75.96375653,14.03624347
0.25,0.11,2101.078149,1075.512542,75.96375653,14.03624347
0.25,0.12,2099.650732,1107.03396,75.96375653,14.03624347
0.25,0.13,2098.182705,1138.394292,75.96375653,14.03624347
0.25,0.14,2096.693249,1169.598011,75.96375653,14.03624347
0.25,0.15,2095.204394,1200.654367,75.96375653,14.03624347
0.25,0.16,2093.741317,1231.578144,75.96375653,14.03624347
0.25,0.17,2092.33267,1262.390517,75.96375653,14.03624347
0.25,0.18,2091.010927,1293.119991,75.96375653,14.03624347
0.25,0.19,2089.812756,1323.80345,75.96375653,14.03624347
0.25,0.2,2088.779407,1354.487306,75.96375653,14.03624347
0.25,0.21,2087.957133,1385.228766,75.96375653,14.03624347
0.25,0.22,2087.39762,1416.097215,75.96375653,14.03624347
0.26,-0.22,2129.939991,10.24493174,75.4257838,14.5742162
0.26,-0.21,2129.667575,42.60767329,75.4257838,14.5742162
0.26,-0.2,2129.703091,74.73167089,75.4257838,14.5742162
0.26,-0.19,2129.990344,106.6921411,75.4257838,14.5742162
0.26,-0.18,2130.478913,138.5516652,75.4257838,14.5742162
0.26,-0.17,2131.123696,170.3615957,75.4257838,14.5742162
0.26,-0.16,2131.884478,202.1633442,75.4257838,14.5742162
0.26,-0.15,2132.725524,233.9895564,75.4257838,14.5742162
0.26,-0.14,2133.615189,265.8651793,75.4257838,14.5742162
0.26,-0.13,2134.525566,297.8084297,75.4257838,14.5742162
0.26,-0.12,2135.432138,329.8316668,75.4257838,14.5742162
0.26,-0.11,2136.31347,361.9421783,75.4257838,14.5742162
0.26,-0.1,2137.150912,394.142884,75.4257838,14.5742162
0.26,-0.09,2137.928338,426.4329647,75.4257838,14.5742162
0.26,-0.08,2138.631891,458.8084217,75.4257838,14.5742162
0.26,-0.07,2139.249773,491.2625734,75.4257838,14.5742162
0.26,-0.06,2139.772036,523.786496,75.4257838,14.5742162
0.26,-0.05,2140.190414,556.3694136,75.4257838,14.5742162
0.26,-0.04,2140.498171,588.9990439,75.4257838,14.5742162
0.26,-0.03,2140.689967,621.6619076,75.4257838,14.5742162
0.26,-0.02,2140.76176,654.3436046,75.4257838,14.5742162
0.26,-0.01,2140.710721,687.0290668,75.4257838,14.5742162
0.26,0,2140.535175,719.7027911,75.4257838,14.5742162
0.26,0.01,2140.234568,752.3490597,75.4257838,14.5742162
0.26,0.02,2139.809455,784.9521551,75.4257838,14.5742162
0.26,0.03,2139.261509,817.4965741,75.4257838,14.5742162
0.26,0.04,2138.59356,849.9672484,75.4257838,14.5742162
0.26,0.05,2137.809651,882.3497782,75.4257838,14.5742162
0.26,0.06,2136.91512,914.6306839,75.4257838,14.5742162
0.26,0.07,2135.916704,946.7976836,75.4257838,14.5742162
0.26,0.08,2134.82267,978.840001,75.4257838,14.5742162
0.26,0.09,2133.642964,1010.748712,75.4257838,14.5742162
0.26,0.1,2132.389386,1042.517136,75.4257838,14.5742162
0.26,0.11,2131.07579,1074.141274,75.4257838,14.5742162
0.26,0.12,2129.718306,1105.620306,75.4257838,14.5742162
0.26,0.13,2128.335581,1136.957153,75.4257838,14.5742162
0.26,0.14,2126.949052,1168.159102,75.4257838,14.5742162
0.26,0.15,2125.583233,1199.238512,75.4257838,14.5742162
0.26,0.16,2124.266036,1230.2136,75.4257838,14.5742162
0.26,0.17,2123.0291,1261.109313,75.4257838,14.5742162
0.26,0.18,2121.908164,1291.958297,75.4257838,14.5742162
0.26,0.19,2120.943443,1322.801963,75.4257838,14.5742162
0.26,0.2,2120.180037,1353.691664,75.4257838,14.5742162
0.26,0.21,2119.668369,1384.689982,75.4257838,14.5742162
0.26,0.22,2119.464632,1415.872132,75.4257838,14.5742162
0.27,-0.22,2162.943427,9.569687736,74.89042488,15.10957512
0.27,-0.21,2162.227338,42.29630484,74.89042488,15.10957512
0.27,-0.2,2161.869595,74.72251055,74.89042488,15.10957512
0.27,-0.19,2161.80921,106.9297053,74.89042488,15.10957512
0.27,-0.18,2161.99132,138.9861789,74.89042488,15.10957512
0.27,-0.17,2162.366713,170.948541,74.89042488,15.10957512
0.27,-0.16,2162.891381,202.8630329,74.89042488,15.10957512
0.27,-0.15,2163.526094,234.7667256,74.89042488,15.10957512
0.27,-0.14,2164.236004,266.6886117,74.89042488,15.10957512
0.27,-0.13,2164.990266,298.6505968,74.89042488,15.10957512
0.27,-0.12,2165.761689,330.6683965,74.89042488,15.10957512
0.27,-0.11,2166.526407,362.7523459,74.89042488,15.10957512
0.27,-0.1,2167.263578,394.9081272,74.89042488,15.10957512
0.27,-0.09,2167.955106,427.137422,74.89042488,15.10957512
0.27,-0.08,2168.585384,459.4384949,74.89042488,15.10957512
0.27,-0.07,2169.141067,491.8067139,74.89042488,15.10957512
0.27,-0.06,2169.610862,524.2350146,74.89042488,15.10957512
0.27,-0.05,2169.985352,556.714314,74.89042488,15.10957512
0.27,-0.04,2170.256833,589.2338805,74.89042488,15.10957512
0.27,-0.03,2170.419185,621.7816663,74.89042488,15.10957512
0.27,-0.02,2170.467759,654.3446082,74.89042488,15.10957512
0.27,-0.01,2170.399297,686.9089034,74.89042488,15.10957512
0.27,0,2170.211868,719.4602665,74.89042488,15.10957512
0.27,0.01,2169.904831,751.9841739,74.89042488,15.10957512
0.27,0.02,2169.478827,784.4661022,74.89042488,15.10957512
0.27,0.03,2168.935786,816.8917661,74.89042488,15.10957512
0.27,0.04,2168.278968,849.2473626,74.89042488,15.10957512
0.27,0.05,2167.513021,881.5198285,74.89042488,15.10957512
0.27,0.06,2166.644065,913.6971161,74.89042488,15.10957512
0.27,0.07,2165.679803,945.7684938,74.89042488,15.10957512
0.27,0.08,2164.629655,977.7248785,74.89042488,15.10957512
0.27,0.09,2163.50491,1009.559206,74.89042488,15.10957512
0.27,0.1,2162.318916,1041.266844,74.89042488,15.10957512
0.27,0.11,2161.087278,1072.846057,74.89042488,15.10957512
0.27,0.12,2159.828094,1104.298527,74.89042488,15.10957512
0.27,0.13,2158.562205,1135.629937,74.89042488,15.10957512
0.27,0.14,2157.313477,1166.85062,74.89042488,15.10957512
0.27,0.15,2156.109101,1197.976293,74.89042488,15.10957512
0.27,0.16,2154.979921,1229.028862,74.89042488,15.10957512
0.27,0.17,2153.960787,1260.037318,74.89042488,15.10957512
0.27,0.18,2153.090928,1291.038734,74.89042488,15.10957512
0.27,0.19,2152.414352,1322.07935,74.89042488,15.10957512
0.27,0.2,2151.98027,1353.215775,74.89042488,15.10957512
0.27,0.21,2151.843547,1384.516301,74.89042488,15.10957512
0.27,0.22,2152.06517,1416.062326,74.89042488,15.10957512
0.28,-0.22,2196.635031,8.384897351,74.35775354,15.64224646
0.28,-0.21,2195.398409,41.53116317,74.35775354,15.64224646
0.28,-0.2,2194.576207,74.31022691,74.35775354,15.64224646
0.28,-0.19,2194.102348,106.8100394,74.35775354,15.64224646
0.28,-0.18,2193.91724,139.1049475,74.35775354,15.64224646
0.28,-0.17,2193.967295,171.2571498,74.35775354,15.64224646
0.28,-0.16,2194.204456,203.3180323,74.35775354,15.64224646
0.28,-0.15,2194.585762,235.3293917,74.35775354,15.64224646
0.28,-0.14,2195.072931,267.3245519,74.35775354,15.64224646
0.28,-0.13,2195.631973,299.3293798,74.35775354,15.64224646
0.28,-0.12,2196.232825,331.363207,74.35775354,15.64224646
0.28,-0.11,2196.84901,363.4396643,74.35775354,15.64224646
0.28,-0.1,2197.457327,395.5674335,74.35775354,15.64224646
0.28,-0.09,2198.037556,427.7509247,74.35775354,15.64224646
0.28,-0.08,2198.572202,459.9908845,74.35775354,15.64224646
0.28,-0.07,2199.04625,492.2849406,74.35775354,15.64224646
0.28,-0.06,2199.446953,524.6280916,74.35775354,15.64224646
0.28,-0.05,2199.763647,557.0131444,74.35775354,15.64224646
0.28,-0.04,2199.987584,589.4311096,74.35775354,15.64224646
0.28,-0.03,2200.111794,621.8715584,74.35775354,15.64224646
0.28,-0.02,2200.130974,654.3229477,74.35775354,15.64224646
0.28,-0.01,2200.041398,686.7729211,74.35775354,15.64224646
0.28,0,2199.840857,719.20859,74.35775354,15.64224646
0.28,0.01,2199.528618,751.6168033,74.35775354,15.64224646
0.28,0.02,2199.105414,783.9844098,74.35775354,15.64224646
0.28,0.03,2198.573455,816.298521,74.35775354,15.64224646
0.28,0.04,2197.936465,848.5467804,74.35775354,15.64224646
0.28,0.05,2197.199748,880.7176452,74.35775354,15.64224646
0.28,0.06,2196.370274,912.8006862,74.35775354,15.64224646
0.28,0.07,2195.456791,944.7869141,74.35775354,15.64224646
0.28,0.08,2194.469964,976.669136,74.35775354,15.64224646
0.28,0.09,2193.422538,1008.44235,74.35775354,15.64224646
0.28,0.1,2192.329529,1040.104185,74.35775354,15.64224646
0.28,0.11,2191.208433,1071.655386,74.35775354,15.64224646
0.28,0.12,2190.079467,1103.100364,74.35775354,15.64224646
0.28,0.13,2188.965836,1134.447801,74.35775354,15.64224646
0.28,0.14,2187.894014,1165.711327,74.35775354,15.64224646
0.28,0.15,2186.894065,1196.910274,74.35775354,15.64224646
0.28,0.16,2185.999979,1228.07051,74.35775354,15.64224646
0.28,0.17,2185.250039,1259.225357,74.35775354,15.64224646
0.28,0.18,2184.687204,1290.416612,74.35775354,15.64224646
0.28,0.19,2184.359531,1321.695663,74.35775354,15.64224646
0.28,0.2,2184.320611,1353.124706,74.35775354,15.64224646
0.28,0.21,2184.630033,1384.778089,74.35775354,15.64224646
0.28,0.22,2185.353875,1416.743764,74.35775354,15.64224646
0.29,-0.22,2231.193484,6.606847046,73.82784098,16.17215902
0.29,-0.21,2229.351671,40.23456644,73.82784098,16.17215902
0.29,-0.2,2227.986454,73.42285918,73.82784098,16.17215902
0.29,-0.19,2227.026354,106.2666077,73.82784098,16.17215902
0.29,-0.18,2226.406761,138.8465795,73.82784098,16.17215902
0.29,-0.17,2226.069428,171.2309082,73.82784098,16.17215902
0.29,-0.16,2225.961988,203.4764548,73.82784098,16.17215902
0.29,-0.15,2226.037497,235.6300567,73.82784098,16.17215902
0.29,-0.14,2226.25401,267.7296695,73.82784098,16.17215902
0.29,-0.13,2226.57417,299.8054086,73.82784098,16.17215902
0.29,-0.12,2226.96484,331.8804965,73.82784098,16.17215902
0.29,-0.11,2227.396744,363.9721223,73.82784098,16.17215902
0.29,-0.1,2227.844145,396.0922197,73.82784098,16.17215902
0.29,-0.09,2228.284546,428.2481697,73.82784098,16.17215902
0.29,-0.08,2228.698418,460.4434339,73.82784098,16.17215902
0.29,-0.07,2229.068947,492.6781256,73.82784098,16.17215902
0.29,-0.06,2229.381823,524.9495239,73.82784098,16.17215902
0.29,-0.05,2229.625033,557.2525378,73.82784098,16.17215902
0.29,-0.04,2229.788703,589.5801265,73.82784098,16.17215902
0.29,-0.03,2229.864946,621.923682,73.82784098,16.17215902
0.29,-0.02,2229.847751,654.2733799,73.82784098,16.17215902
0.29,-0.01,2229.732888,686.6185056,73.82784098,16.17215902
0.29,0,2229.517847,718.9477616,73.82784098,16.17215902
0.29,0.01,2229.201795,751.249562,73.82784098,16.17215902
0.29,0.02,2228.785564,783.5123209,73.82784098,16.17215902
0.29,0.03,2228.271666,815.7247407,73.82784098,16.17215902
0.29,0.04,2227.664329,847.8761068,73.82784098,16.17215902
0.29,0.05,2226.969566,879.956595,73.82784098,16.17215902
0.29,0.06,2226.195262,911.9575971,73.82784098,16.17215902
0.29,0.07,2225.351294,943.8720724,73.82784098,16.17215902
0.29,0.08,2224.449671,975.6949298,73.82784098,16.17215902
0.29,0.09,2223.504706,1007.423449,73.82784098,16.17215902
0.29,0.1,2222.533211,1039.057742,73.82784098,16.17215902
0.29,0.11,2221.554717,1070.601271,73.82784098,16.17215902
0.29,0.12,2220.59172,1102.061418,73.82784098,16.17215902
0.29,0.13,2219.669957,1133.450115,73.82784098,16.17215902
0.29,0.14,2218.818703,1164.784553,73.82784098,16.17215902
0.29,0.15,2218.071097,1196.087953,73.82784098,16.17215902
0.29,0.16,2217.464494,1227.39043,73.82784098,16.17215902
0.29,0.17,2217.040841,1258.729942,73.82784098,16.17215902
0.29,0.18,2216.847081,1290.153324,73.82784098,16.17215902
0.29,0.19,2216.93558,1321.717438,73.82784098,16.17215902
0.29,0.2,2217.364587,1353.490417,73.82784098,16.17215902
0.29,0.21,2218.198711,1385.553029,73.82784098,16.17215902
0.29,0.22,2219.509429,1418.000157,73.82784098,16.17215902
0.3,-0.22,2266.824007,4.14353207,73.30075577,16.69924423
0.3,-0.21,2264.28401,38.32099946,73.30075577,16.69924423
0.3,-0.2,2262.289348,71.98105975,73.30075577,16.69924423
0.3,-0.19,2260.762823,105.2259236,73.30075577,16.69924423
0.3,-0.18,2259.634502,138.1431579,73.30075577,16.69924423
0.3,-0.17,2258.841191,170.8071928,73.30075577,16.69924423
0.3,-0.16,2258.325937,203.2807099,73.30075577,16.69924423
0.3,-0.15,2258.03756,235.6159177,73.30075577,16.69924423
0.3,-0.14,2257.930205,267.8557194,73.30075577,16.69924423
0.3,-0.13,2257.962926,300.0347813,73.30075577,16.69924423
0.3,-0.12,2258.099298,332.1805066,73.30075577,16.69924423
0.3,-0.11,2258.307052,364.3139212,73.30075577,16.69924423
0.3,-0.1,2258.557738,396.4504782,73.30075577,16.69924423
0.3,-0.09,2258.826415,428.600787,73.30075577,16.69924423
0.3,-0.08,2259.09137,460.7712731,73.30075577,16.69924423
0.3,-0.07,2259.333864,492.9647757,73.30075577,16.69924423
0.3,-0.06,2259.537899,525.1810882,73.30075577,16.69924423
0.3,-0.05,2259.690018,557.4174486,73.30075577,16.69924423
0.3,-0.04,2259.779131,589.6689867,73.30075577,16.69924423
0.3,-0.03,2259.796366,621.9291324,73.30075577,16.69924423
0.3,-0.02,2259.734948,654.1899938,73.30075577,16.69924423
0.3,-0.01,2259.590106,686.4427093,73.30075577,16.69924423
0.3,0,2259.359004,718.6777814,73.30075577,16.69924423
0.3,0.01,2259.040699,750.8853979,73.30075577,16.69924423
0.3,0.02,2258.636135,783.0557465,73.30075577,16.69924423
0.3,0.03,2258.148145,815.1793298,73.30075577,16.69924423
0.3,0.04,2257.581503,847.2472862,73.30075577,16.69924423
0.3,0.05,2256.942983,879.2517237,73.30075577,16.69924423
0.3,0.06,2256.241457,911.1860723,73.30075577,16.69924423
0.3,0.07,2255.488016,943.0454617,73.30075577,16.69924423
0.3,0.08,2254.696115,974.8271301,73.30075577,16.69924423
0.3,0.09,2253.881752,1006.530871,73.30075577,16.69924423
0.3,0.1,2253.063668,1038.159523,73.30075577,16.69924423
0.3,0.11,2252.263576,1069.719512,73.30075577,16.69924423
0.3,0.12,2251.506415,1101.221447,73.30075577,16.69924423
0.3,0.13,2250.820636,1132.680782,73.30075577,16.69924423
0.3,0.14,2250.238508,1164.118542,73.30075577,16.69924423
0.3,0.15,2249.796456,1195.562131,73.30075577,16.69924423
0.3,0.16,2249.535426,1227.046215,73.30075577,16.69924423
0.3,0.17,2249.501273,1258.613697,73.30075577,16.69924423
0.3,0.18,2249.745177,1290.316785,73.30075577,16.69924423
0.3,0.19,2250.324091,1322.218161,73.30075577,16.69924423
0.3,0.2,2251.301209,1354.392256,73.30075577,16.69924423
0.3,0.21,2252.746464,1386.926636,73.30075577,16.69924423
0.3,0.22,2254.737054,1419.923512,73.30075577,16.69924423
0.31,-0.22,2303.761042,0.894094277,72.77656381,17.22343619
0.31,-0.21,2300.420969,35.69657704,72.77656381,17.22343619
0.31,-0.2,2297.702028,69.89758309,72.77656381,17.22343619
0.31,-0.19,2295.520969,103.6070639,72.77656381,17.22343619
0.31,-0.18,2293.802221,136.9197801,72.77656381,17.22343619
0.31,-0.17,2292.477344,169.9168361,72.77656381,17.22343619
0.31,-0.16,2291.484519,202.6670955,72.77656381,17.22343619
0.31,-0.15,2290.768059,235.2284839,72.77656381,17.22343619
0.31,-0.14,2290.277953,267.6491839,72.77656381,17.22343619
0.31,-0.13,2289.96943,299.9687313,72.77656381,17.22343619
0.31,-0.12,2289.80256,332.2190156,72.77656381,17.22343619
0.31,-0.11,2289.741878,364.4251937,72.77656381,17.22343619
0.31,-0.1,2289.756034,396.6065214,72.77656381,17.22343619
0.31,-0.09,2289.817476,428.7771101,72.77656381,17.22343619
0.31,-0.08,2289.902155,460.9466138,72.77656381,17.22343619
0.31,-0.07,2289.989265,493.1208541,72.77656381,17.22343619
0.31,-0.06,2290.061002,525.3023877,72.77656381,17.22343619
0.31,-0.05,2290.102359,557.4910251,72.77656381,17.22343619
0.31,-0.04,2290.100942,589.6843039,72.77656381,17.22343619
0.31,-0.03,2290.046821,621.8779255,72.77656381,17.22343619
0.31,-0.02,2289.932402,654.0661598,72.77656381,17.22343619
0.31,-0.01,2289.752329,686.2422251,72.77656381,17.22343619
0.31,0,2289.503416,718.3986493,72.77656381,17.22343619
0.31,0.01,2289.184608,750.5276178,72.77656381,17.22343619
0.31,0.02,2288.796961,782.6213163,72.77656381,17.22343619
0.31,0.03,2288.34366,814.6722725,72.77656381,17.22343619
0.31,0.04,2287.83006,846.6737048,72.77656381,17.22343619
0.31,0.05,2287.263756,878.619883,72.77656381,17.22343619
0.31,0.06,2286.654679,910.5065086,72.77656381,17.22343619
0.31,0.07,2286.015222,942.3311192,72.77656381,17.22343619
0.31,0.08,2285.360391,974.0935252,72.77656381,17.22343619
0.31,0.09,2284.707991,1005.796283,72.77656381,17.22343619
0.31,0.1,2284.078829,1037.445215,72.77656381,17.22343619
0.31,0.11,2283.496952,1069.049975,72.77656381,17.22343619
0.31,0.12,2282.989914,1100.624674,72.77656381,17.22343619
0.31,0.13,2282.589063,1132.188568,72.77656381,17.22343619
0.31,0.14,2282.329866,1163.766814,72.77656381,17.22343619
0.31,0.15,2282.252252,1195.391301,72.77656381,17.22343619
0.31,0.16,2282.400991,1227.101565,72.77656381,17.22343619
0.31,0.17,2282.826095,1258.945789,72.77656381,17.22343619
0.31,0.18,2283.583252,1290.981898,72.77656381,17.22343619
0.31,0.19,2284.73428,1323.278757,72.77656381,17.22343619
0.31,0.2,2286.347618,1355.917468,72.77656381,17.22343619
0.31,0.21,2288.498839,1388.992794,72.77656381,17.22343619
0.31,0.22,2291.271191,1422.614685,72.77656381,17.22343619
0.32,-0.21,2338.019594,32.25848851,72.25532837,17.74467163
0.32,-0.2,2334.472581,67.07675676,72.25532837,17.74467163
0.32,-0.19,2331.540429,101.3211661,72.25532837,17.74467163
0.32,-0.18,2329.1416,135.094082,72.25532837,17.74467163
0.32,-0.17,2327.202102,168.4836769,72.25532837,17.74467163
0.32,-0.16,2325.654957,201.5653745,72.25532837,17.74467163
0.32,-0.15,2324.439697,234.4031796,72.25532837,17.74467163
0.32,-0.14,2323.501894,267.0509028,72.25532837,17.74467163
0.32,-0.13,2322.792712,299.5532839,72.25532837,17.74467163
0.32,-0.12,2322.268489,331.9470211,72.25532837,17.74467163
0.32,-0.11,2321.890357,364.2617127,72.25532837,17.74467163
0.32,-0.1,2321.623874,396.5207172,72.25532837,17.74467163
0.32,-0.09,2321.438701,428.7419378,72.25532837,17.74467163
0.32,-0.08,2321.308295,460.938538,72.25532837,17.74467163
0.32,-0.07,2321.20964,493.1195944,72.25532837,17.74467163
0.32,-0.06,2321.123003,525.2906933,72.25532837,17.74467163
0.32,-0.05,2321.031716,557.4544766,72.25532837,17.74467163
0.32,-0.04,2320.921992,589.6111442,72.25532837,17.74467163
0.32,-0.03,2320.782766,621.7589182,72.25532837,17.74467163
0.32,-0.02,2320.605565,653.8944765,72.25532837,17.74467163
0.32,-0.01,2320.38441,686.0133607,72.25532837,17.74467163
0.32,0,2320.11574,718.1103653,72.25532837,17.74467163
0.32,0.01,2319.798376,750.1799142,72.25532837,17.74467163
0.32,0.02,2319.433497,782.2164316,72.25532837,17.74467163
0.32,0.03,2319.024664,814.2147118,72.25532837,17.74467163
0.32,0.04,2318.577856,846.1702965,72.25532837,17.74467163
0.32,0.05,2318.101546,878.0798635,72.25532837,17.74467163
0.32,0.06,2317.606799,909.941635,72.25532837,17.74467163
0.32,0.07,2317.107402,941.7558109,72.25532837,17.74467163
0.32,0.08,2316.620022,973.5250331,72.25532837,17.74467163
0.32,0.09,2316.164394,1005.254888,72.25532837,17.74467163
0.32,0.1,2315.763534,1036.954452,72.25532837,17.74467163
0.32,0.11,2315.443983,1068.636888,72.25532837,17.74467163
0.32,0.12,2315.236081,1100.320101,72.25532837,17.74467163
0.32,0.13,2315.174269,1132.027447,72.25532837,17.74467163
0.32,0.14,2315.297418,1163.788527,72.25532837,17.74467163
0.32,0.15,2315.649187,1195.640037,72.25532837,17.74467163
0.32,0.16,2316.278412,1227.626718,72.25532837,17.74467163
0.32,0.17,2317.239523,1259.80238,72.25532837,17.74467163
0.32,0.18,2318.592987,1292.231029,72.25532837,17.74467163
0.32,0.19,2320.405782,1324.988087,72.25532837,17.74467163
0.32,0.2,2322.7519,1358.161727,72.25532837,17.74467163
0.32,0.21,2325.712879,1391.854315,72.25532837,17.74467163
0.32,0.22,2329.378361,1426.183971,72.25532837,17.74467163
0.33,-0.21,2377.37146,27.89442345,71.73711006,18.26288994
0.33,-0.2,2372.883056,63.41393445,71.73711006,18.26288994
0.33,-0.19,2369.094257,98.27090913,71.73711006,18.26288994
0.33,-0.18,2365.917226,132.5757456,71.73711006,18.26288994
0.33,-0.17,2363.272099,166.4240956,71.73711006,18.26288994
0.33,-0.16,2361.086435,199.898337,71.73711006,18.26288994
0.33,-0.15,2359.294704,233.0689341,71.73711006,18.26288994
0.33,-0.14,2357.837793,265.9956901,71.73711006,18.26288994
0.33,-0.13,2356.662549,298.7289007,71.73711006,18.26288994
0.33,-0.12,2355.721351,331.3104119,71.73711006,18.26288994
0.33,-0.11,2354.971707,363.774591,71.73711006,18.26288994
0.33,-0.1,2354.375888,396.1492157,71.73711006,18.26288994
0.33,-0.09,2353.900585,428.4562881,71.73711006,18.26288994
0.33,-0.08,2353.516598,460.712779,71.73711006,18.26288994
0.33,-0.07,2353.198558,492.93131,71.73711006,18.26288994
0.33,-0.06,2352.92467,525.1207795,71.73711006,18.26288994
0.33,-0.05,2352.676494,557.2869374,71.73711006,18.26288994
0.33,-0.04,2352.438755,589.4329165,71.73711006,18.26288994
0.33,-0.03,2352.199176,621.5597265,71.73711006,18.26288994
0.33,-0.02,2351.948346,653.6667163,71.73711006,18.26288994
0.33,-0.01,2351.679616,685.7520107,71.73711006,18.26288994
0.33,0,2351.389029,717.8129294,71.73711006,18.26288994
0.33,0.01,2351.075269,749.8463925,71.73711006,18.26288994
0.33,0.02,2350.73965,781.8493201,71.73711006,18.26288994
0.33,0.03,2350.386133,813.8190317,71.73711006,18.26288994
0.33,0.04,2350.021365,845.7536525,71.73711006,18.26288994
0.33,0.05,2349.654756,877.652531,71.73711006,18.26288994
0.33,0.06,2349.298584,909.5166771,71.73711006,18.26288994
0.33,0.07,2348.968125,941.3492236,71.73711006,18.26288994
0.33,0.08,2348.681817,973.1559204,71.73711006,18.26288994
0.33,0.09,2348.461456,1004.945666,71.73711006,18.26288994
0.33,0.1,2348.332412,1036.731081,71.73711006,18.26288994
0.33,0.11,2348.323883,1068.529138,71.73711006,18.26288994
0.33,0.12,2348.469179,1100.361838,71.73711006,18.26288994
0.33,0.13,2348.80603,1132.256959,71.73711006,18.26288994
0.33,0.14,2349.376927,1164.248868,71.73711006,18.26288994
0.33,0.15,2350.22949,1196.379411,71.73711006,18.26288994
0.33,0.16,2351.416873,1228.698884,71.73711006,18.26288994
0.33,0.17,2352.998189,1261.26709,71.73711006,18.26288994
0.33,0.18,2355.038969,1294.154493,71.73711006,18.26288994
0.33,0.19,2357.611652,1327.443472,71.73711006,18.26288994
0.33,0.2,2360.796104,1361.229677,71.73711006,18.26288994
0.33,0.21,2364.68016,1395.623508,71.73711006,18.26288994
0.33,0.22,2369.360211,1430.751701,71.73711006,18.26288994
0.34,-0.21,2418.805895,22.48197856,71.22196678,18.77803322
0.34,-0.2,2413.252664,58.7949311,71.22196678,18.77803322
0.34,-0.19,2408.492114,94.34997648,71.22196678,18.77803322
0.34,-0.18,2404.42976,129.265991,71.22196678,18.77803322
0.34,-0.17,2400.979537,163.6465336,71.22196678,18.77803322
0.34,-0.16,2398.063234,197.5813492,71.22196678,18.77803322
0.34,-0.15,2395.609962,231.1477579,71.22196678,18.77803322
0.34,-0.14,2393.55565,264.4119388,71.22196678,18.77803322
0.34,-0.13,2391.84257,297.4301122,71.22196678,18.77803322
0.34,-0.12,2390.418899,330.2496288,71.22196678,18.77803322
0.34,-0.11,2389.238304,362.9099698,71.22196678,18.77803322
0.34,-0.1,2388.259562,395.4436665,71.22196678,18.77803322
0.34,-0.09,2387.446209,427.877144,71.22196678,18.77803322
0.34,-0.08,2386.766219,460.2314957,71.22196678,18.77803322
0.34,-0.07,2386.191715,492.5231961,71.22196678,18.77803322
0.34,-0.06,2385.698711,524.7647552,71.22196678,18.77803322
0.34,-0.05,2385.266881,556.9653249,71.22196678,18.77803322
0.34,-0.04,2384.87936,589.1312598,71.22196678,18.77803322
0.34,-0.03,2384.522581,621.266641,71.22196678,18.77803322
0.34,-0.02,2384.186132,653.3737685,71.22196678,18.77803322
0.34,-0.01,2383.862653,685.4536285,71.22196678,18.77803322
0.34,0,2383.547758,717.5063417,71.22196678,18.77803322
0.34,0.01,2383.239992,749.5315993,71.22196678,18.77803322
0.34,0.02,2382.940809,781.5290924,71.22196678,18.77803322
0.34,0.03,2382.654597,813.4989418,71.22196678,18.77803322
0.34,0.04,2382.388715,845.4421337,71.22196678,18.77803322
0.34,0.05,2382.153575,877.360968,71.22196678,18.77803322
0.34,0.06,2381.962744,909.2595259,71.22196678,18.77803322
0.34,0.07,2381.833087,941.1441621,71.22196678,18.77803322
0.34,0.08,2381.784929,973.0240281,71.22196678,18.77803322
0.34,0.09,2381.842258,1004.911634,71.22196678,18.77803322
0.34,0.1,2382.03295,1036.823455,71.22196678,18.77803322
0.34,0.11,2382.389031,1068.780584,71.22196678,18.77803322
0.34,0.12,2382.946965,1100.809446,71.22196678,18.77803322
0.34,0.13,2383.747974,1132.942572,71.22196678,18.77803322
0.34,0.14,2384.838393,1165.219444,71.22196678,18.77803322
0.34,0.15,2386.270044,1197.687412,71.22196678,18.77803322
0.34,0.16,2388.100655,1230.402696,71.22196678,18.77803322
0.34,0.17,2390.394297,1263.431476,71.22196678,18.77803322
0.34,0.18,2393.221859,1296.851072,71.22196678,18.77803322
0.34,0.19,2396.661551,1330.751229,71.22196678,18.77803322
0.34,0.2,2400.79944,1365.235505,71.22196678,18.77803322
0.34,0.21,2405.73001,1400.422778,71.22196678,18.77803322
0.34,0.22,2411.556759,1436.448861,71.22196678,18.77803322
0.35,-0.21,2462.693406,15.8880457,70.70995378,19.29004622
0.35,-0.2,2455.94119,53.09544011,70.70995378,19.29004622
0.35,-0.19,2450.083653,89.44250263,70.70995378,19.29004622
0.35,-0.18,2445.019308,125.0570511,70.70995378,19.29004622
0.35,-0.17,2440.655549,160.0509983,70.70995378,19.29004622
0.35,-0.16,2436.908074,194.5218861,70.70995378,19.29004622
0.35,-0.15,2433.700334,228.5543059,70.70995378,19.29004622
0.35,-0.14,2430.963016,262.2212127,70.70995378,19.29004622
0.35,-0.13,2428.633552,295.5851394,70.70995378,19.29004622
0.35,-0.12,2426.65567,328.6993154,70.70995378,19.29004622
0.35,-0.11,2424.978967,361.608699,70.70995378,19.29004622
0.35,-0.1,2423.558515,394.3509274,70.70995378,19.29004622
0.35,-0.09,2422.354503,426.957191,70.70995378,19.29004622
0.35,-0.08,2421.331905,459.4530397,70.70995378,19.29004622
0.35,-0.07,2420.460183,491.8591253,70.70995378,19.29004622
0.35,-0.06,2419.71302,524.1918884,70.70995378,19.29004622
0.35,-0.05,2419.068083,556.4641946,70.70995378,19.29004622
0.35,-0.04,2418.506821,588.6859266,70.70995378,19.29004622
0.35,-0.03,2418.014293,620.8645389,70.70995378,19.29004622
0.35,-0.02,2417.579022,653.0055814,70.70995378,19.29004622
0.35,-0.01,2417.192889,685.1131972,70.70995378,19.29004622
0.35,0,2416.851056,717.1906021,70.70995378,19.29004622
0.35,0.01,2416.551914,749.2405513,70.70995378,19.29004622
0.35,0.02,2416.297072,781.2658003,70.70995378,19.29004622
0.35,0.03,2416.091369,813.2695647,70.70995378,19.29004622
0.35,0.04,2415.942922,845.2559877,70.70995378,19.29004622
0.35,0.05,2415.863209,877.2306191,70.70995378,19.29004622
0.35,0.06,2415.867171,909.2009135,70.70995378,19.29004622
0.35,0.07,2415.97336,941.1767537,70.70995378,19.29004622
0.35,0.08,2416.204107,973.171005,70.70995378,19.29004622
0.35,0.09,2416.58573,1005.200108,70.70995378,19.29004622
0.35,0.1,2417.148768,1037.284715,70.70995378,19.29004622
0.35,0.11,2417.928245,1069.450375,70.70995378,19.29004622
0.35,0.12,2418.963973,1101.72828,70.70995378,19.29004622
0.35,0.13,2420.30088,1134.156065,70.70995378,19.29004622
0.35,0.14,2421.989369,1166.77869,70.70995378,19.29004622
0.35,0.15,2424.085713,1199.649384,70.70995378,19.29004622
0.35,0.16,2426.652478,1232.83068,70.70995378,19.29004622
0.35,0.17,2429.758978,1266.395532,70.70995378,19.29004622
0.35,0.18,2433.481762,1300.428533,70.70995378,19.29004622
0.35,0.19,2437.905133,1335.027224,70.70995378,19.29004622
0.35,0.2,2443.121695,1370.303517,70.70995378,19.29004622
0.35,0.21,2449.232936,1406.385231,70.70995378,19.29004622
0.36,-0.21,2509.449309,7.968181134,70.20112365,19.79887635
0.36,-0.2,2501.352602,46.18043257,70.20112365,19.79887635
0.36,-0.19,2494.262119,83.42250231,70.20112365,19.79887635
0.36,-0.18,2488.069002,119.8316317,70.20112365,19.79887635
0.36,-0.17,2482.673759,155.5285524,70.20112365,19.79887635
0.36,-0.16,2477.985665,190.6190519,70.20112365,19.79887635
0.36,-0.15,2473.9222,225.1954265,70.20112365,19.79887635
0.36,-0.14,2470.408517,259.3378265,70.20112365,19.79887635
0.36,-0.13,2467.376937,293.1155027,70.20112365,19.79887635
0.36,-0.12,2464.766483,326.587957,70.20112365,19.79887635
0.36,-0.11,2462.522445,359.8060063,70.20112365,19.79887635
0.36,-0.1,2460.595975,392.8127641,70.20112365,19.79887635
0.36,-0.09,2458.943718,425.6445474,70.20112365,19.79887635
0.36,-0.08,2457.527468,458.3317142,70.20112365,19.79887635
0.36,-0.07,2456.313865,490.899438,70.20112365,19.79887635
0.36,-0.06,2455.274121,523.3684264,70.20112365,19.79887635
0.36,-0.05,2454.383775,555.7555893,70.20112365,19.79887635
0.36,-0.04,2453.622484,588.0746624,70.20112365,19.79887635
0.36,-0.03,2452.973847,620.3367945,70.20112365,19.79887635
0.36,-0.02,2452.425259,652.5511022,70.20112365,19.79887635
0.36,-0.01,2451.967795,684.7251997,70.20112365,19.79887635
0.36,0,2451.596133,716.8657106,70.20112365,19.79887635
0.36,0.01,2451.308506,748.9787659,70.20112365,19.79887635
0.36,0.02,2451.106682,781.0704966,70.20112365,19.79887635
0.36,0.03,2450.995982,813.1475261,70.20112365,19.79887635
0.36,0.04,2450.985331,845.217469,70.20112365,19.79887635
0.36,0.05,2451.087333,877.2894415,70.20112365,19.79887635
0.36,0.06,2451.318391,909.3745926,70.20112365,19.79887635
0.36,0.07,2451.698847,941.486658,70.20112365,19.79887635
0.36,0.08,2452.253161,973.6425476,70.20112365,19.79887635
0.36,0.09,2453.010123,1005.862969,70.20112365,19.79887635
0.36,0.1,2454.003092,1038.173095,70.20112365,19.79887635
0.36,0.11,2455.270273,1070.603285,70.20112365,19.79887635
0.36,0.12,2456.855023,1103.189855,70.20112365,19.79887635
0.36,0.13,2458.806189,1135.975919,70.20112365,19.79887635
0.36,0.14,2461.178481,1169.012294,70.20112365,19.79887635
0.36,0.15,2464.032876,1202.358481,70.20112365,19.79887635
0.36,0.16,2467.437052,1236.083731,70.20112365,19.79887635
0.36,0.17,2471.465857,1270.268195,70.20112365,19.79887635
0.36,0.18,2476.201812,1305.004169,70.20112365,19.79887635
0.36,0.19,2481.735641,1340.397441,70.20112365,19.79887635
0.36,0.2,2488.166835,1376.568742,70.20112365,19.79887635
0.36,0.21,2495.604255,1413.655313,70.20112365,19.79887635
0.37,-0.2,2549.938881,37.90353862,69.69552629,20.30447371
0.37,-0.19,2541.468156,76.15328277,69.69552629,20.30447371
0.37,-0.18,2534.008796,113.4623543,69.69552629,20.30447371
0.37,-0.17,2527.454061,149.9607878,69.69552629,20.30447371
0.37,-0.16,2521.706467,185.7630844,69.69552629,20.30447371
0.37,-0.15,2516.677205,220.9696977,69.69552629,20.30447371
0.37,-0.14,2512.28559,255.6684119,69.69552629,20.30447371
0.37,-0.13,2508.458551,289.9356206,69.69552629,20.30447371
0.37,-0.12,2505.130147,323.8375102,69.69552629,20.30447371
0.37,-0.11,2502.241118,357.4311569,69.69552629,20.30447371
0.37,-0.1,2499.738474,390.7655407,69.69552629,20.30447371
0.37,-0.09,2497.575109,423.8824851,69.69552629,20.30447371
0.37,-0.08,2495.709456,456.8175273,69.69552629,20.30447371
0.37,-0.07,2494.105168,489.6007254,69.69552629,20.30447371
0.37,-0.06,2492.73084,522.2574101,69.69552629,20.30447371
0.37,-0.05,2491.559756,554.8088846,69.69552629,20.30447371
0.37,-0.04,2490.569676,587.2730824,69.69552629,20.30447371
0.37,-0.03,2489.742653,619.665186,69.69552629,20.30447371
0.37,-0.02,2489.064883,651.9982147,69.69552629,20.30447371
0.37,-0.01,2488.526588,684.2835876,69.69552629,20.30447371
0.37,0,2488.121935,716.5316673,69.69552629,20.30447371
0.37,0.01,2487.848986,748.7522914,69.69552629,20.30447371
0.37,0.02,2487.709679,780.9552974,69.69552629,20.30447371
0.37,0.03,2487.709847,813.151048,69.69552629,20.30447371
0.37,0.04,2487.859269,845.3509622,69.69552629,20.30447371
0.37,0.05,2488.171746,877.5680595,69.69552629,20.30447371
0.37,0.06,2488.665229,909.8175223,69.69552629,20.30447371
0.37,0.07,2489.361955,942.1172839,69.69552629,20.30447371
0.37,0.08,2490.288641,974.4886477,69.69552629,20.30447371
0.37,0.09,2491.476692,1006.956944,69.69552629,20.30447371
0.37,0.1,2492.962455,1039.552232,69.69552629,20.30447371
0.37,0.11,2494.787497,1072.310048,69.69552629,20.30447371
0.37,0.12,2496.998924,1105.272215,69.69552629,20.30447371
0.37,0.13,2499.649727,1138.487715,69.69552629,20.30447371
0.37,0.14,2502.799164,1172.013622,69.69552629,20.30447371
0.37,0.15,2506.513177,1205.916123,69.69552629,20.30447371
0.37,0.16,2510.864837,1240.271612,69.69552629,20.30447371
0.37,0.17,2515.934829,1275.167873,69.69552629,20.30447371
0.37,0.18,2521.811962,1310.70536,69.69552629,20.30447371
0.37,0.19,2528.59372,1346.998574,69.69552629,20.30447371
0.37,0.2,2536.386843,1384.177549,69.69552629,20.30447371
0.37,0.21,2545.307939,1422.389451,69.69552629,20.30447371
0.38,-0.14,2557.036435,251.1114726,69.19320899,20.80679101
0.38,-0.13,2552.312551,285.9523949,69.19320899,20.80679101
0.38,-0.12,2548.173399,320.3630201,69.19320899,20.80679101
0.38,-0.11,2544.554922,354.4071037,69.19320899,20.80679101
0.38,-0.1,2541.399756,388.1399017,69.19320899,20.80679101
0.38,-0.09,2538.656839,421.6091438,69.19320899,20.80679101
0.38,-0.08,2536.28105,454.8559371,69.19320899,20.80679101
0.38,-0.07,2534.232888,487.9156071,69.19320899,20.80679101
0.38,-0.06,2532.478181,520.8184826,69.19320899,20.80679101
0.38,-0.05,2530.987828,553.5906301,69.19320899,20.80679101
0.38,-0.04,2529.737584,586.2545441,69.19320899,20.80679101
0.38,-0.03,2528.707864,618.8298001,69.19320899,20.80679101
0.38,-0.02,2527.883597,651.3336762,69.19320899,20.80679101
0.38,-0.01,2527.254102,683.7817492,69.19320899,20.80679101
0.38,0,2526.813005,716.1884721,69.19320899,20.80679101
0.38,0.01,2526.558187,748.5677393,69.19320899,20.80679101
0.38,0.02,2526.491766,780.9334454,69.19320899,20.80679101
0.38,0.03,2526.620118,813.3000434,69.19320899,20.80679101
0.38,0.04,2526.953922,845.6831102,69.19320899,20.80679101
0.38,0.05,2527.508251,878.0999236,69.19320899,20.80679101
0.38,0.06,2528.302688,910.5700593,69.19320899,20.80679101
0.38,0.07,2529.36148,943.1160118,69.19320899,20.80679101
0.38,0.08,2530.713727,975.7638475,69.19320899,20.80679101
0.38,0.09,2532.3936,1008.543895,69.19320899,20.80679101
0.38,0.1,2534.440601,1041.491481,69.19320899,20.80679101
0.38,0.11,2536.899852,1074.647711,69.19320899,20.80679101
0.38,0.12,2539.822414,1108.060315,69.19320899,20.80679101
0.38,0.13,2543.265651,1141.78455,69.19320899,20.80679101
0.38,0.14,2547.293619,1175.88417,69.19320899,20.80679101
0.38,0.15,2551.977494,1210.43248,69.19320899,20.80679101
0.38,0.16,2557.39603,1245.51346,69.19320899,20.80679101
